Source URL,Target URL,Domain Authority,Anchor Text,Link Type
https://www.facebook.com/JunkYardsNearMe,https://junkyardsnearme.com,96,Junkyards Near Me,dofollow
https://twitter.com/junkyardsnearme,https://junkyardsnearme.com,94,Junkyards Near Me,dofollow
https://pinterest.com/junkyardsnearme/,https://junkyardsnearme.com,94,Junkyards Near Me,nofollow
https://plus.google.com/+JunkYardsNearMe,https://junkyardsnearme.com,100,JunkYardsNearMe,dofollow
https://blog.junkyardsnearme.com/,https://junkyardsnearme.com,25,Junkyards Near Me,dofollow
https://www.yelp.com/biz/junkyards-near-me,https://junkyardsnearme.com,94,Find Junkyards Near You,nofollow
https://www.bbb.org/us/,https://junkyardsnearme.com,88,Junkyard Directory,nofollow
https://www.manta.com/,https://junkyardsnearme.com,65,Junkyards Near Me,dofollow
https://www.yellowpages.com/,https://junkyardsnearme.com,72,Auto Salvage Yards Near Me,dofollow
https://foursquare.com/,https://junkyardsnearme.com,88,Junkyards Near Me,nofollow
https://www.superpages.com/,https://junkyardsnearme.com,60,Junkyard Locator,dofollow
https://www.hotfrog.com/,https://junkyardsnearme.com,48,Find Junkyards,dofollow
https://www.chamberofcommerce.com/,https://junkyardsnearme.com,52,Auto Salvage Directory,dofollow
https://www.citysearch.com/,https://junkyardsnearme.com,55,Junkyards Near Me,dofollow
https://www.local.com/,https://junkyardsnearme.com,50,Junkyard Directory,dofollow
https://www.brownbook.net/,https://junkyardsnearme.com,44,Salvage Yards Near Me,dofollow
https://www.n49.com/,https://junkyardsnearme.com,38,Junkyards Near Me,dofollow
https://www.cylex.us.com/,https://junkyardsnearme.com,42,Auto Salvage Locator,dofollow
https://www.uslocalsearch.net/,https://junkyardsnearme.com,30,Find a Junkyard,dofollow
https://www.dexknows.com/,https://junkyardsnearme.com,48,Junkyards Near Me,dofollow
https://www.mapquest.com/,https://junkyardsnearme.com,78,Junkyard Map Locator,nofollow
https://www.autozone.com/,https://junkyardsnearme.com,72,Used Auto Parts,nofollow
https://www.cars.com/,https://junkyardsnearme.com,80,Auto Salvage Yards,nofollow
https://www.kbb.com/,https://junkyardsnearme.com,82,Salvage & Junk Yards,nofollow
https://www.carsforsale.com/,https://junkyardsnearme.com,44,Find Junkyards,dofollow
https://www.row52.com/,https://junkyardsnearme.com,38,Junkyard Listings,dofollow
https://www.pullapart.com/,https://junkyardsnearme.com,42,Self-Service Junkyards,nofollow
https://www.car-part.com/,https://junkyardsnearme.com,46,Used Car Parts Locator,dofollow
https://www.lkqcorp.com/,https://junkyardsnearme.com,52,Auto Parts Recyclers,dofollow
https://www.iaai.com/,https://junkyardsnearme.com,60,Auto Auction & Salvage,nofollow
https://www.copart.com/,https://junkyardsnearme.com,60,Salvage Vehicle Auctions,nofollow
https://www.usedpart.us/,https://junkyardsnearme.com,32,Find Used Parts Near You,dofollow
https://www.inetco.com/,https://junkyardsnearme.com,28,Salvage Yard Directory,dofollow
https://www.pick-n-pull.com/,https://junkyardsnearme.com,44,Self-Serve Junkyard Locator,nofollow
https://www.recycledrides.org/,https://junkyardsnearme.com,35,Auto Recycling,dofollow
https://www.ara.org/,https://junkyardsnearme.com,52,Auto Recyclers Association,dofollow
https://www.salvagereseller.com/,https://junkyardsnearme.com,26,Junkyard & Salvage Listings,dofollow
https://www.allstate.com/resources/car-insurance/wrecked-car,https://junkyardsnearme.com,82,Find Junkyards Near You,nofollow
https://www.reddit.com/r/AnnArbor/,https://junkyardsnearme.com,96,Junkyards Near Ann Arbor,nofollow
https://www.reddit.com/r/Chattanooga/,https://junkyardsnearme.com,96,Local Junkyard Resources,nofollow
https://www.reddit.com/r/sandiego/,https://junkyardsnearme.com,96,San Diego Junkyards,nofollow
https://www.dmoz.org/,https://junkyardsnearme.com,78,Automotive / Junkyards,dofollow
https://www.botw.org/,https://junkyardsnearme.com,55,Junkyard Directory,dofollow
https://www.thefreelibrary.com/,https://junkyardsnearme.com,52,Auto Salvage Resource,dofollow
https://ezinearticles.com/,https://junkyardsnearme.com,62,How to Find a Junkyard,dofollow
https://www.ehow.com/,https://junkyardsnearme.com,70,Finding Junkyards Near You,nofollow
https://www.wikihow.com/,https://junkyardsnearme.com,86,Find a Nearby Junkyard,nofollow
https://www.hunker.com/,https://junkyardsnearme.com,48,Salvage Yard Guide,nofollow
https://www.thespruce.com/,https://junkyardsnearme.com,72,Auto Salvage Yard Tips,nofollow
https://blog.consumerreports.org/,https://junkyardsnearme.com,84,Used Parts from Junkyards,nofollow
https://www.motortrend.com/,https://junkyardsnearme.com,75,Junkyard Hunting Guide,nofollow
https://jalopnik.com/,https://junkyardsnearme.com,72,Best Junkyards in the US,dofollow
