Domain,Category,Estimated DA,Strategy,Target URL,Live Check,HTTP Status
cars.com,Automotive Directory,85+,List business / content placement,https://cars.com,VERIFIED ACTIVE,Site is Live (Blocks automated bots)
autotrader.com,Automotive Marketplace,84+,Dealer listing,https://autotrader.com,VERIFIED ACTIVE,Site is Live & Open
kbb.com,Automotive Directory,85+,Content/resource link,https://kbb.com,VERIFIED ACTIVE,Site is Live & Open
edmunds.com,Automotive Directory,86+,Resource/guide link,https://edmunds.com,VERIFIED ACTIVE,Site is Live (Blocks automated bots)
cargurus.com,Automotive Directory,80+,Dealer listing,https://cargurus.com,VERIFIED ACTIVE,Site is Live (Blocks automated bots)
carfax.com,Automotive Resource,82+,Resource link,https://carfax.com,VERIFIED ACTIVE,Site is Live & Open
truecar.com,Automotive Marketplace,79+,Resource/dealer link,https://truecar.com,VERIFIED ACTIVE,Site is Live & Open
motortrend.com,Automotive Magazine,89+,Guest post / editorial,https://motortrend.com,VERIFIED ACTIVE,Site is Live & Open
caranddriver.com,Automotive Magazine,88+,Guest post / editorial,https://caranddriver.com,VERIFIED ACTIVE,Site is Live & Open
roadandtrack.com,Automotive Magazine,87+,Guest post / editorial,https://roadandtrack.com,VERIFIED ACTIVE,Site is Live & Open
popularmechanics.com,Automotive Magazine,90+,Guest post / editorial,https://popularmechanics.com,VERIFIED ACTIVE,Site is Live & Open
consumerreports.org,Review/Research,91+,Resource mention,https://consumerreports.org,VERIFIED ACTIVE,Site is Live & Open
autoweek.com,Automotive Magazine,83+,Guest post,https://autoweek.com,VERIFIED ACTIVE,Site is Live & Open
autoblog.com,Automotive Blog,87+,Guest post / editorial,https://autoblog.com,VERIFIED ACTIVE,Site is Live (Blocks automated bots)
motor1.com,Automotive Blog,80+,Guest post,https://motor1.com,VERIFIED ACTIVE,Site is Live (Blocks automated bots)
thecarconnection.com,Resource/Blog,80+,Guest post,https://thecarconnection.com,VERIFIED ACTIVE,Site is Live (Blocks automated bots)
autoevolution.com,Automotive Blog,80+,Guest post,https://autoevolution.com,VERIFIED ACTIVE,Site is Live (Blocks automated bots)
hemmings.com,Automotive Marketplace,75+,Listing / article,https://hemmings.com,VERIFIED ACTIVE,Site is Live (Blocks automated bots)
repairpal.com,Auto Repair Directory,70+,Business listing,https://repairpal.com,VERIFIED ACTIVE,Site is Live (Blocks automated bots)
carcomplaints.com,Auto Resource,65+,Resource mention,https://carcomplaints.com,VERIFIED ACTIVE,Site is Live & Open
partsgeek.com,Parts Directory,68+,Link outreach,https://partsgeek.com,VERIFIED ACTIVE,Site is Live (Blocks automated bots)
rockauto.com,Parts Marketplace,72+,Resource link,https://rockauto.com,VERIFIED ACTIVE,Site is Live & Open
autozone.com,Parts Retailer,76+,Resource mention,https://autozone.com,VERIFIED ACTIVE,Site is Live (Blocks automated bots)
oreillyauto.com,Parts Retailer,75+,Resource mention,https://oreillyauto.com,VERIFIED ACTIVE,Site is Live & Open
napaonline.com,Parts Retailer,74+,Resource mention,https://napaonline.com,VERIFIED ACTIVE,Site is Live (Blocks automated bots)
1aauto.com,Parts/How-To,63+,Guest post / how-to,https://1aauto.com,VERIFIED ACTIVE,Site is Live & Open
dormanproducts.com,Auto Parts,67+,Resource link,https://dormanproducts.com,MANUAL REVIEW NEEDED,Site may be offline or moved
advanceautoparts.com,Parts Retailer,74+,Resource mention,https://advanceautoparts.com,VERIFIED ACTIVE,Site is Live & Open
motorcar.com,Auto Parts Directory,60+,Directory listing,https://motorcar.com,VERIFIED ACTIVE,Site is Live (Blocks automated bots)
car-part.com,Salvage Parts Directory,65+,Directory listing,https://car-part.com,VERIFIED ACTIVE,Site is Live (Blocks automated bots)
yelp.com,Local Business Directory,93+,Business listing,https://yelp.com,VERIFIED ACTIVE,Site is Live (Blocks automated bots)
yellowpages.com,Business Directory,89+,Business listing,https://yellowpages.com,VERIFIED ACTIVE,Site is Live (Blocks automated bots)
bbb.org,Business Directory,91+,Business listing,https://bbb.org,VERIFIED ACTIVE,Site is Live & Open
manta.com,Business Directory,84+,Business listing,https://manta.com,VERIFIED ACTIVE,Site is Live (Blocks automated bots)
angi.com,Local Services,87+,Business listing,https://angi.com,VERIFIED ACTIVE,Site is Live (Blocks automated bots)
thumbtack.com,Local Services,85+,Business listing,https://thumbtack.com,VERIFIED ACTIVE,Site is Live & Open
chamberofcommerce.com,Business Directory,82+,Business listing,https://chamberofcommerce.com,VERIFIED ACTIVE,Site is Live & Open
merchantcircle.com,Business Directory,78+,Business listing,https://merchantcircle.com,VERIFIED ACTIVE,Site is Live & Open
foursquare.com,Business Directory,90+,Business listing,https://foursquare.com,VERIFIED ACTIVE,Site is Live & Open
hotfrog.com,Business Directory,75+,Business listing,https://hotfrog.com,VERIFIED ACTIVE,Site is Live (Blocks automated bots)
cylex-usa.com,Business Directory,72+,Business listing,https://cylex-usa.com,VERIFIED ACTIVE,Site is Live (Blocks automated bots)
businessfinder.com,Business Directory,65+,Business listing,https://businessfinder.com,MANUAL REVIEW NEEDED,Site may be offline or moved
brownbook.net,Business Directory,68+,Business listing,https://brownbook.net,VERIFIED ACTIVE,Site is Live (Blocks automated bots)
local.com,Business Directory,72+,Business listing,https://local.com,VERIFIED ACTIVE,Site is Live & Open
superpages.com,Business Directory,82+,Business listing,https://superpages.com,VERIFIED ACTIVE,Site is Live (Blocks automated bots)
whitepages.com,Business Directory,85+,Business listing,https://whitepages.com,VERIFIED ACTIVE,Site is Live & Open
citysearch.com,Business Directory,80+,Business listing,https://citysearch.com,VERIFIED ACTIVE,Site is Live & Open
bizapedia.com,Business Directory,63+,Business listing,https://bizapedia.com,VERIFIED ACTIVE,Site is Live & Open
opendius.com,Business Directory,62+,Business listing,https://opendius.com,MANUAL REVIEW NEEDED,Site may be offline or moved
infobel.com,Business Directory,65+,Business listing,https://infobel.com,VERIFIED ACTIVE,Site is Live (Blocks automated bots)
corvetteforum.com,Automotive Forum,65+,Community post / signature link,https://corvetteforum.com,VERIFIED ACTIVE,Site is Live (Blocks automated bots)
vwvortex.com,Automotive Forum,75+,Community post / signature link,https://vwvortex.com,VERIFIED ACTIVE,Site is Live & Open
bimmerpost.com,Automotive Forum,70+,Community post / signature link,https://bimmerpost.com,MANUAL REVIEW NEEDED,Site may be offline or moved
clublexus.com,Automotive Forum,65+,Community post / signature link,https://clublexus.com,VERIFIED ACTIVE,Site is Live (Blocks automated bots)
rennlist.com,Automotive Forum,68+,Community post / signature link,https://rennlist.com,VERIFIED ACTIVE,Site is Live (Blocks automated bots)
ford-trucks.com,Automotive Forum,68+,Community post / signature link,https://ford-trucks.com,VERIFIED ACTIVE,Site is Live (Blocks automated bots)
f150forum.com,Automotive Forum,65+,Community post / signature link,https://f150forum.com,VERIFIED ACTIVE,Site is Live (Blocks automated bots)
tacomaworld.com,Automotive Forum,65+,Community post / signature link,https://tacomaworld.com,VERIFIED ACTIVE,Site is Live & Open
tacoma.net,Automotive Forum,55+,Community post / signature link,https://tacoma.net,MANUAL REVIEW NEEDED,Site may be offline or moved
jeepforum.com,Automotive Forum,60+,Community post / signature link,https://jeepforum.com,VERIFIED ACTIVE,Site is Live & Open
jlranglerforums.com,Automotive Forum,60+,Community post / signature link,https://jlranglerforums.com,MANUAL REVIEW NEEDED,Site may be offline or moved
jeeppatriots.com,Automotive Forum,55+,Community post / signature link,https://jeeppatriots.com,MANUAL REVIEW NEEDED,Site may be offline or moved
camaro6.com,Automotive Forum,55+,Community post / signature link,https://camaro6.com,MANUAL REVIEW NEEDED,Site may be offline or moved
mustang6g.com,Automotive Forum,55+,Community post / signature link,https://mustang6g.com,VERIFIED ACTIVE,Site is Live (Blocks automated bots)
challengertalk.com,Automotive Forum,55+,Community post / signature link,https://challengertalk.com,VERIFIED ACTIVE,Site is Live & Open
chargerforums.com,Automotive Forum,55+,Community post / signature link,https://chargerforums.com,VERIFIED ACTIVE,Site is Live & Open
dodgetalk.com,Automotive Forum,58+,Community post / signature link,https://dodgetalk.com,VERIFIED ACTIVE,Site is Live & Open
ramforum.com,Automotive Forum,55+,Community post / signature link,https://ramforum.com,VERIFIED ACTIVE,Site is Live & Open
silveradosierra.com,Automotive Forum,62+,Community post / signature link,https://silveradosierra.com,VERIFIED ACTIVE,Site is Live & Open
gm-trucks.com,Automotive Forum,60+,Community post / signature link,https://gm-trucks.com,VERIFIED ACTIVE,Site is Live (Blocks automated bots)
tundrasolutions.com,Automotive Forum,55+,Community post / signature link,https://tundrasolutions.com,VERIFIED ACTIVE,Site is Live & Open
titantalk.com,Automotive Forum,55+,Community post / signature link,https://titantalk.com,VERIFIED ACTIVE,Site is Live & Open
clubfrontier.org,Automotive Forum,55+,Community post / signature link,https://clubfrontier.org,VERIFIED ACTIVE,Site is Live & Open
nissanclub.com,Automotive Forum,58+,Community post / signature link,https://nissanclub.com,VERIFIED ACTIVE,Site is Live & Open
teamintegra.net,Automotive Forum,55+,Community post / signature link,https://teamintegra.net,MANUAL REVIEW NEEDED,Site may be offline or moved
s2ki.com,Automotive Forum (Honda),60+,Community post / signature link,https://s2ki.com,VERIFIED ACTIVE,Site is Live (Blocks automated bots)
miata.net,Automotive Forum,60+,Community post / signature link,https://miata.net,VERIFIED ACTIVE,Site is Live (Blocks automated bots)
audizine.com,Automotive Forum,60+,Community post / signature link,https://audizine.com,VERIFIED ACTIVE,Site is Live (Blocks automated bots)
mbworld.org,Automotive Forum,65+,Community post / signature link,https://mbworld.org,VERIFIED ACTIVE,Site is Live (Blocks automated bots)
yellowbullet.com,Automotive Forum,55+,Community post / signature link,https://yellowbullet.com,VERIFIED ACTIVE,Site is Live & Open
supraforums.com,Automotive Forum,55+,Community post / signature link,https://supraforums.com,VERIFIED ACTIVE,Site is Live & Open
rx7club.com,Automotive Forum,55+,Community post / signature link,https://rx7club.com,VERIFIED ACTIVE,Site is Live (Blocks automated bots)
nasioc.com,Subaru Forum,65+,Community post / signature link,https://nasioc.com,VERIFIED ACTIVE,Site is Live (Blocks automated bots)
clubwrx.net,Subaru Forum,55+,Community post / signature link,https://clubwrx.net,VERIFIED ACTIVE,Site is Live & Open
cars.net,Automotive Forum,65+,Community post / signature link,https://cars.net,MANUAL REVIEW NEEDED,Site may be offline or moved
ls1tech.com,GM Automotive Forum,60+,Community post / signature link,https://ls1tech.com,VERIFIED ACTIVE,Site is Live (Blocks automated bots)
ft86club.com,Toyota 86 Forum,60+,Community post / signature link,https://ft86club.com,MANUAL REVIEW NEEDED,Site may be offline or moved
scionlife.com,Scion Forum,57+,Community post / signature link,https://scionlife.com,VERIFIED ACTIVE,Site is Live (Blocks automated bots)
priuschat.com,Toyota Prius Forum,60+,Community post / signature link,https://priuschat.com,VERIFIED ACTIVE,Site is Live (Blocks automated bots)
verdad-tr.com,Hispanic Auto Forum,50+,Community post / signature link,https://verdad-tr.com,MANUAL REVIEW NEEDED,Site may be offline or moved
motoringtalk.com,Automotive Forum,52+,Community post / signature link,https://motoringtalk.com,VERIFIED ACTIVE,Site is Live & Open
automotiveforums.com,Automotive Forum,65+,Community post / signature link,https://automotiveforums.com,VERIFIED ACTIVE,Site is Live (Blocks automated bots)
vetteweb.com,Corvette Forum,55+,Community post / signature link,https://vetteweb.com,MANUAL REVIEW NEEDED,Site may be offline or moved
stangnet.com,Mustang Forum,58+,Community post / signature link,https://stangnet.com,VERIFIED ACTIVE,Site is Live (Blocks automated bots)
cobaltss.net,Chevy Cobalt Forum,52+,Community post / signature link,https://cobaltss.net,VERIFIED ACTIVE,Site is Live (Blocks automated bots)
carguide.net,Automotive Forum,55+,Community post / signature link,https://carguide.net,MANUAL REVIEW NEEDED,Site may be offline or moved
cardomain.com,Automotive Forum,72+,Community post / garage listing,https://cardomain.com,MANUAL REVIEW NEEDED,Site may be offline or moved
carstuff.com,Automotive Forum,60+,Community post / signature link,https://carstuff.com,MANUAL REVIEW NEEDED,Site may be offline or moved
performancetrucks.net,Truck Forum,55+,Community post / signature link,https://performancetrucks.net,VERIFIED ACTIVE,Site is Live (Blocks automated bots)
car-revs-daily.com,Auto Blog/Forum,55+,Guest post / community,https://car-revs-daily.com,VERIFIED ACTIVE,Site is Live & Open
carlovers.in,Auto Forum,50+,Community post,https://carlovers.in,MANUAL REVIEW NEEDED,Site may be offline or moved
u-pull-it.com,Salvage Directory,55+,Business listing / link,https://u-pull-it.com,VERIFIED ACTIVE,Site is Live & Open
part-locator.com,Parts Locator,58+,Business listing,https://part-locator.com,VERIFIED ACTIVE,Site is Live & Open
pullmoreparts.com,Salvage Directory,52+,Business listing,https://pullmoreparts.com,MANUAL REVIEW NEEDED,Site may be offline or moved
lkqcorp.com,Auto Parts / Salvage,68+,Resource link,https://lkqcorp.com,VERIFIED ACTIVE,Site is Live (Blocks automated bots)
picknsave.com,Salvage Yards,50+,Business listing,https://picknsave.com,MANUAL REVIEW NEEDED,Site may be offline or moved
usedpartcentral.com,Used Parts Directory,52+,Business listing,https://usedpartcentral.com,VERIFIED ACTIVE,Site is Live & Open
autopartslocator24.com,Parts Locator,50+,Business listing,https://autopartslocator24.com,MANUAL REVIEW NEEDED,Site may be offline or moved
find-auto-parts.com,Parts Directory,50+,Business listing,https://find-auto-parts.com,MANUAL REVIEW NEEDED,Site may be offline or moved
usedcarparts.com,Used Parts Directory,55+,Business listing,https://usedcarparts.com,VERIFIED ACTIVE,Site is Live & Open
caryardlocator.com,Junkyard Directory,50+,Business listing,https://caryardlocator.com,MANUAL REVIEW NEEDED,Site may be offline or moved
junk-yards.com,Junkyard Directory,60+,Business listing,https://junk-yards.com,MANUAL REVIEW NEEDED,Site may be offline or moved
autopartlocator.com,Parts Locator,53+,Business listing,https://autopartlocator.com,VERIFIED ACTIVE,Site is Live & Open
localautosalvage.com,Junkyard Directory,51+,Business listing,https://localautosalvage.com,VERIFIED ACTIVE,Site is Live & Open
interstatejunkyard.com,Salvage Network,54+,Business listing,https://interstatejunkyard.com,MANUAL REVIEW NEEDED,Site may be offline or moved
usedparts.net,Used Parts Directory,50+,Business listing,https://usedparts.net,VERIFIED ACTIVE,Site is Live & Open
thetruthaboutcars.com,Automotive Blog,75+,Guest post,https://thetruthaboutcars.com,VERIFIED ACTIVE,Site is Live & Open
speedhunters.com,Automotive Blog,72+,Guest post,https://speedhunters.com,MANUAL REVIEW NEEDED,Site may be offline or moved
jalopyjournal.com,Automotive Blog,60+,Guest post,https://jalopyjournal.com,VERIFIED ACTIVE,Site is Live (Blocks automated bots)
motorlogy.com,Automotive Blog,55+,Guest post,https://motorlogy.com,VERIFIED ACTIVE,Site is Live & Open
topspeed.com,Automotive Blog,72+,Guest post,https://topspeed.com,MANUAL REVIEW NEEDED,Site may be offline or moved
driving.ca,Automotive Blog,60+,Guest post,https://driving.ca,VERIFIED ACTIVE,Site is Live & Open
autoguide.com,Automotive Blog,70+,Guest post,https://autoguide.com,VERIFIED ACTIVE,Site is Live & Open
carbuzz.com,Automotive Blog,73+,Guest post / editorial,https://carbuzz.com,MANUAL REVIEW NEEDED,Site may be offline or moved
caradvice.com.au,Automotive Blog,70+,Guest post,https://caradvice.com.au,MANUAL REVIEW NEEDED,Site may be offline or moved
drivingeldorado.com,Automotive Blog,40+,Guest post,https://drivingeldorado.com,MANUAL REVIEW NEEDED,Site may be offline or moved
usedcarblog.com,Automotive Blog,42+,Guest post,https://usedcarblog.com,VERIFIED ACTIVE,Site is Live & Open
mechanicbase.com,Auto Repair Blog,55+,Guest post,https://mechanicbase.com,VERIFIED ACTIVE,Site is Live & Open
repairsmith.com,Auto Repair Blog,62+,Resource/guest post,https://repairsmith.com,VERIFIED ACTIVE,Site is Live & Open
yourmechanic.com,Auto Repair Blog,67+,Guest post / resource,https://yourmechanic.com,VERIFIED ACTIVE,Site is Live & Open
fiix.io,Auto Repair Blog,55+,Guest post,https://fiix.io,MANUAL REVIEW NEEDED,Site may be offline or moved
drivemag.com,Automotive Blog,60+,Guest post,https://drivemag.com,VERIFIED ACTIVE,Site is Live & Open
carbibles.com,Automotive Resource,58+,Guest post,https://carbibles.com,MANUAL REVIEW NEEDED,Site may be offline or moved
wikimotors.us,Automotive Resource,48+,Guest post,https://wikimotors.us,MANUAL REVIEW NEEDED,Site may be offline or moved
enginepatrol.com,Automotive Blog,50+,Guest post,https://enginepatrol.com,VERIFIED ACTIVE,Site is Live & Open
theautomobilist.com,Automotive Blog,48+,Guest post,https://theautomobilist.com,MANUAL REVIEW NEEDED,Site may be offline or moved
cartechnews.com,Automotive News,55+,Guest post / editorial,https://cartechnews.com,MANUAL REVIEW NEEDED,Site may be offline or moved
driverseat.ca,Automotive Blog,50+,Guest post,https://driverseat.ca,MANUAL REVIEW NEEDED,Site may be offline or moved
mymotorscoop.com,Automotive Blog,45+,Guest post,https://mymotorscoop.com,MANUAL REVIEW NEEDED,Site may be offline or moved
autoweek.com,Automotive Magazine,80+,Guest post,https://autoweek.com,VERIFIED ACTIVE,Site is Live & Open
wheelsage.org,Automotive Blog,52+,Guest post,https://wheelsage.org,VERIFIED ACTIVE,Site is Live & Open
autocar.co.uk,Automotive Magazine,82+,Guest post,https://autocar.co.uk,VERIFIED ACTIVE,Site is Live & Open
whatcar.com,Automotive Magazine,78+,Guest post,https://whatcar.com,VERIFIED ACTIVE,Site is Live (Blocks automated bots)
parkers.co.uk,Automotive Resource,70+,Guest post,https://parkers.co.uk,VERIFIED ACTIVE,Site is Live & Open
greencarguide.co.uk,Automotive Blog,55+,Guest post,https://greencarguide.co.uk,VERIFIED ACTIVE,Site is Live & Open
cleanfleetreport.com,EV/Green Automotive Blog,55+,Guest post,https://cleanfleetreport.com,VERIFIED ACTIVE,Site is Live (Blocks automated bots)
evobsession.com,EV Blog,55+,Guest post,https://evobsession.com,VERIFIED ACTIVE,Site is Live & Open
plugincars.com,EV Blog,58+,Guest post,https://plugincars.com,VERIFIED ACTIVE,Site is Live & Open
electrek.co,EV Blog,82+,Guest post / editorial,https://electrek.co,VERIFIED ACTIVE,Site is Live & Open
insideevs.com,EV News,80+,Guest post,https://insideevs.com,VERIFIED ACTIVE,Site is Live (Blocks automated bots)
greenauto.com,EV/Green Auto Blog,50+,Guest post,https://greenauto.com,VERIFIED ACTIVE,Site is Live & Open
automotiveit.com,Auto Tech Blog,50+,Guest post,https://automotiveit.com,VERIFIED ACTIVE,Site is Live & Open
carscoops.com,Auto News Blog,75+,Guest post,https://carscoops.com,VERIFIED ACTIVE,Site is Live & Open
driving.ca,Canadian Auto Blog,62+,Guest post,https://driving.ca,VERIFIED ACTIVE,Site is Live & Open
motoringfile.com,MINI Blog,55+,Guest post,https://motoringfile.com,VERIFIED ACTIVE,Site is Live & Open
motormouth.ca,Canadian Auto Blog,55+,Guest post,https://motormouth.ca,MANUAL REVIEW NEEDED,Site may be offline or moved
quora.com,Q&A Platform,92+,Expert Answer with link,https://quora.com,VERIFIED ACTIVE,Site is Live (Blocks automated bots)
reddit.com/r/AskMechanics,Forum/Q&A,95+,Community post / expert reply,https://reddit.com/r/AskMechanics,VERIFIED ACTIVE,Site is Live (Blocks automated bots)
reddit.com/r/AutoMechanics,Forum/Q&A,95+,Community post,https://reddit.com/r/AutoMechanics,VERIFIED ACTIVE,Site is Live (Blocks automated bots)
reddit.com/r/cars,Forum/Q&A,95+,Community post,https://reddit.com/r/cars,VERIFIED ACTIVE,Site is Live (Blocks automated bots)
reddit.com/r/UsedCars,Forum/Q&A,95+,Community post,https://reddit.com/r/UsedCars,VERIFIED ACTIVE,Site is Live (Blocks automated bots)
reddit.com/r/Justrolledintotheshop,Forum/Q&A,95+,Community post,https://reddit.com/r/Justrolledintotheshop,VERIFIED ACTIVE,Site is Live (Blocks automated bots)
reddit.com/r/autoparts,Forum/Q&A,95+,Community post,https://reddit.com/r/autoparts,VERIFIED ACTIVE,Site is Live (Blocks automated bots)
reddit.com/r/CarProblems,Forum/Q&A,95+,Community post,https://reddit.com/r/CarProblems,VERIFIED ACTIVE,Site is Live (Blocks automated bots)
answers.yahoo.com,Q&A Platform,82+,Expert Answer,https://answers.yahoo.com,MANUAL REVIEW NEEDED,Site may be offline or moved
producthunt.com,Product/App Directory,90+,Product listing,https://producthunt.com,VERIFIED ACTIVE,Site is Live & Open
medium.com,Publishing Platform,95+,Article with link,https://medium.com,VERIFIED ACTIVE,Site is Live (Blocks automated bots)
linkedin.com,Professional Network,98+,Article / posts with link,https://linkedin.com,VERIFIED ACTIVE,Site is Live & Open
facebook.com,Social,100+,Business page / group posts,https://facebook.com,VERIFIED ACTIVE,Site is Live & Open
twitter.com,Social,94+,Profile link + mentions,https://twitter.com,VERIFIED ACTIVE,Site is Live & Open
instagram.com,Social,93+,Bio link,https://instagram.com,VERIFIED ACTIVE,Site is Live & Open
youtube.com,Video Platform,100+,Video description link,https://youtube.com,VERIFIED ACTIVE,Site is Live & Open
pinterest.com,Visual Platform,94+,Pins with links,https://pinterest.com,VERIFIED ACTIVE,Site is Live & Open
tumblr.com,Blogging Platform,85+,Blog post with link,https://tumblr.com,VERIFIED ACTIVE,Site is Live & Open
wordpress.com,Blogging Platform,92+,Blog post with link,https://wordpress.com,VERIFIED ACTIVE,Site is Live & Open
blogspot.com,Blogging Platform,97+,Blog post with link,https://blogspot.com,VERIFIED ACTIVE,Site is Live & Open
blogger.com,Blogging Platform,97+,Blog post with link,https://blogger.com,VERIFIED ACTIVE,Site is Live & Open
wix.com,Website Builder,93+,Free site with link,https://wix.com,VERIFIED ACTIVE,Site is Live & Open
weebly.com,Website Builder,87+,Free site with link,https://weebly.com,VERIFIED ACTIVE,Site is Live & Open
sites.google.com,Google Sites,100+,Free page with link,https://sites.google.com,VERIFIED ACTIVE,Site is Live & Open
hub.docker.com,Tech Platform,89+,Profile link,https://hub.docker.com,VERIFIED ACTIVE,Site is Live & Open
github.com,Tech Platform,96+,Repo / profile link,https://github.com,VERIFIED ACTIVE,Site is Live & Open
nytimes.com,National News,96+,HARO/resource mention,https://nytimes.com,VERIFIED ACTIVE,Site is Live (Blocks automated bots)
usatoday.com,National News,94+,HARO/resource mention,https://usatoday.com,VERIFIED ACTIVE,Site is Live & Open
wsj.com,National News,97+,HARO/resource mention,https://wsj.com,MANUAL REVIEW NEEDED,Site may be offline or moved
forbes.com,Business/Finance News,95+,Contributor article,https://forbes.com,VERIFIED ACTIVE,Site is Live & Open
businessinsider.com,News,93+,HARO/resource mention,https://businessinsider.com,VERIFIED ACTIVE,Site is Live & Open
huffpost.com,News/Blog,91+,Contributor article,https://huffpost.com,VERIFIED ACTIVE,Site is Live & Open
thebalance.com,Finance/Resource,88+,Resource mention,https://thebalance.com,MANUAL REVIEW NEEDED,Site may be offline or moved
usnews.com/cars,News/Automotive,91+,Resource mention,https://usnews.com/cars,VERIFIED ACTIVE,Site is Live & Open
time.com,News Magazine,95+,HARO,https://time.com,VERIFIED ACTIVE,Site is Live & Open
cnet.com/roadshow,Tech/Automotive,93+,Resource mention,https://cnet.com/roadshow,VERIFIED ACTIVE,Site is Live & Open
motorauthority.com,Auto News,75+,Guest post,https://motorauthority.com,VERIFIED ACTIVE,Site is Live (Blocks automated bots)
wheels.ca,Canadian Auto News,60+,Guest post,https://wheels.ca,VERIFIED ACTIVE,Site is Live (Blocks automated bots)
driving.co.uk,UK Auto News,65+,Guest post,https://driving.co.uk,VERIFIED ACTIVE,Site is Live & Open
motoringresearch.com,UK Auto Research,60+,Guest post,https://motoringresearch.com,VERIFIED ACTIVE,Site is Live & Open
driving.com,Automotive,62+,Guest post,https://driving.com,VERIFIED ACTIVE,Site is Live & Open
autonews.com,Automotive Trade News,80+,Resource / editorial,https://autonews.com,VERIFIED ACTIVE,Site is Live & Open
wardsauto.com,Automotive Trade,72+,Resource / editorial,https://wardsauto.com,VERIFIED ACTIVE,Site is Live & Open
fleetowner.com,Fleet/Commercial,65+,Guest post / resource,https://fleetowner.com,VERIFIED ACTIVE,Site is Live & Open
truckinginfo.com,Trucking Industry,62+,Guest post / resource,https://truckinginfo.com,VERIFIED ACTIVE,Site is Live (Blocks automated bots)
ccjdigital.com,Commercial Vehicle,60+,Guest post / resource,https://ccjdigital.com,VERIFIED ACTIVE,Site is Live (Blocks automated bots)
mapquest.com,Local Citation,88+,Business listing,https://mapquest.com,VERIFIED ACTIVE,Site is Live & Open
bing.com/places,Local Citation,97+,Business listing,https://bing.com/places,MANUAL REVIEW NEEDED,Site may be offline or moved
yahoo.com/local,Local Citation,97+,Business listing,https://yahoo.com/local,VERIFIED ACTIVE,Site is Live & Open
apple.com/maps,Local Citation,100+,Business listing,https://apple.com/maps,VERIFIED ACTIVE,Site is Live & Open
here.com,Local Citation,85+,Business listing,https://here.com,VERIFIED ACTIVE,Site is Live & Open
tomtom.com,Local Citation,80+,Business listing,https://tomtom.com,VERIFIED ACTIVE,Site is Live & Open
waze.com,Local Citation,88+,Business listing,https://waze.com,VERIFIED ACTIVE,Site is Live & Open
ezlocal.com,Local Citation,70+,Business listing,https://ezlocal.com,VERIFIED ACTIVE,Site is Live (Blocks automated bots)
n49.com,Local Citation,65+,Business listing,https://n49.com,VERIFIED ACTIVE,Site is Live & Open
getfave.com,Local Citation,68+,Business listing,https://getfave.com,VERIFIED ACTIVE,Site is Live & Open
angieslist.com,Local Services,87+,Business listing,https://angieslist.com,VERIFIED ACTIVE,Site is Live (Blocks automated bots)
houzz.com,Local Services,90+,Business listing,https://houzz.com,VERIFIED ACTIVE,Site is Live & Open
trustpilot.com,Reviews,92+,Business listing,https://trustpilot.com,VERIFIED ACTIVE,Site is Live (Blocks automated bots)
g2.com,Reviews,88+,Business listing,https://g2.com,VERIFIED ACTIVE,Site is Live (Blocks automated bots)
capterra.com,Reviews,85+,Business listing,https://capterra.com,VERIFIED ACTIVE,Site is Live (Blocks automated bots)
glassdoor.com,Reviews,91+,Business listing,https://glassdoor.com,VERIFIED ACTIVE,Site is Live (Blocks automated bots)
indeed.com,Business,92+,Company listing,https://indeed.com,VERIFIED ACTIVE,Site is Live (Blocks automated bots)
alignable.com,Small Business Network,72+,Business listing,https://alignable.com,VERIFIED ACTIVE,Site is Live & Open
nextdoor.com,Local Community,88+,Business listing,https://nextdoor.com,VERIFIED ACTIVE,Site is Live & Open
expertise.com,Local Services,70+,Business listing,https://expertise.com,VERIFIED ACTIVE,Site is Live & Open
bark.com,Local Services,78+,Business listing,https://bark.com,VERIFIED ACTIVE,Site is Live & Open
homeadvisor.com,Local Services,87+,Business listing,https://homeadvisor.com,VERIFIED ACTIVE,Site is Live (Blocks automated bots)
porch.com,Local Services,72+,Business listing,https://porch.com,VERIFIED ACTIVE,Site is Live & Open
nearbynow.com,Local Services,62+,Business listing,https://nearbynow.com,MANUAL REVIEW NEEDED,Site may be offline or moved
ase.com,Auto Tech Association,68+,Resource / partner link,https://ase.com,VERIFIED ACTIVE,Site is Live (Blocks automated bots)
aaia.org,Auto Industry Association,62+,Member link,https://aaia.org,MANUAL REVIEW NEEDED,Site may be offline or moved
sema.org,Specialty Equipment,72+,Member link,https://sema.org,VERIFIED ACTIVE,Site is Live & Open
nada.org,Dealer Association,70+,Resource link,https://nada.org,VERIFIED ACTIVE,Site is Live & Open
aaaa.org,Aftermarket Association,62+,Member link,https://aaaa.org,VERIFIED ACTIVE,Site is Live & Open
automotiveserviceassociation.org,Auto Service Assoc,60+,Member link,https://automotiveserviceassociation.org,MANUAL REVIEW NEEDED,Site may be offline or moved
aapexshow.com,Auto Parts Trade Show,60+,Exhibitor link,https://aapexshow.com,VERIFIED ACTIVE,Site is Live (Blocks automated bots)
motorist.org,AAA Motorist,78+,Resource link,https://motorist.org,MANUAL REVIEW NEEDED,Site may be offline or moved
aaa.com,Auto Club,90+,Resource / partner link,https://aaa.com,VERIFIED ACTIVE,Site is Live & Open
carcare.org,Car Care Council,65+,Resource mention,https://carcare.org,VERIFIED ACTIVE,Site is Live & Open
goodwillcardonation.com,Auto Charity,60+,Partner link,https://goodwillcardonation.com,MANUAL REVIEW NEEDED,Site may be offline or moved
automotivetechnology.org,Auto Tech Education,55+,Resource link,https://automotivetechnology.org,VERIFIED ACTIVE,Site is Live & Open
icar.com,Auto Repair Training,62+,Resource link,https://icar.com,MANUAL REVIEW NEEDED,Site may be offline or moved
collision.org,Collision Repair,60+,Resource link,https://collision.org,VERIFIED ACTIVE,Site is Live & Open
aiag.org,Automotive Industry Action Group,68+,Resource link,https://aiag.org,VERIFIED ACTIVE,Site is Live & Open
epa.gov/greenvehicles,Govt/Environment,95+,Resource mention,https://epa.gov/greenvehicles,VERIFIED ACTIVE,Site is Live & Open
fueleconomy.gov,Govt Reference,92+,Resource mention,https://fueleconomy.gov,VERIFIED ACTIVE,Site is Live & Open
vehiclesandenvironment.com,Environment Auto Blog,52+,Guest post,https://vehiclesandenvironment.com,MANUAL REVIEW NEEDED,Site may be offline or moved
greencarreports.com,Green Auto News,78+,Guest post,https://greencarreports.com,VERIFIED ACTIVE,Site is Live (Blocks automated bots)
hybridcars.com,Hybrid/EV Blog,70+,Guest post / resource,https://hybridcars.com,VERIFIED ACTIVE,Site is Live & Open
pluginamerica.org,EV Association,62+,Resource link,https://pluginamerica.org,VERIFIED ACTIVE,Site is Live (Blocks automated bots)
electricdriving.net,EV Blog,52+,Guest post,https://electricdriving.net,VERIFIED ACTIVE,Site is Live & Open
mynissanleaf.com,EV Forum,60+,Community post,https://mynissanleaf.com,VERIFIED ACTIVE,Site is Live (Blocks automated bots)
teslamotorsclub.com,Tesla Forum,72+,Community post,https://teslamotorsclub.com,VERIFIED ACTIVE,Site is Live (Blocks automated bots)
electrifyamerica.com,EV Charging,68+,Resource link,https://electrifyamerica.com,VERIFIED ACTIVE,Site is Live & Open
2carpros.com,Auto Repair Q&A,60+,Expert answer / resource link,https://2carpros.com,VERIFIED ACTIVE,Site is Live & Open
justanswer.com,Expert Q&A,82+,Expert answer,https://justanswer.com,VERIFIED ACTIVE,Site is Live (Blocks automated bots)
fixya.com,Tech Q&A,72+,Expert answer / resource link,https://fixya.com,VERIFIED ACTIVE,Site is Live & Open
automd.com,Auto Repair Resource,60+,Resource link,https://automd.com,VERIFIED ACTIVE,Site is Live & Open
mechaniclibrary.com,Auto Repair Guide,55+,Guest post,https://mechaniclibrary.com,MANUAL REVIEW NEEDED,Site may be offline or moved
automotivehandbook.com,Auto Guides,50+,Guest post,https://automotivehandbook.com,VERIFIED ACTIVE,Site is Live & Open
chrisfix.com,DIY Auto Blog/YT,55+,Community / resource link,https://chrisfix.com,MANUAL REVIEW NEEDED,Site may be offline or moved
doityourself.com,DIY Blog,78+,Guest post / resource,https://doityourself.com,VERIFIED ACTIVE,Site is Live (Blocks automated bots)
wikiauto.org,Auto Wiki,58+,Resource mention,https://wikiauto.org,VERIFIED ACTIVE,Site is Live & Open
autohausaz.com,Parts + Guides,55+,Resource link,https://autohausaz.com,VERIFIED ACTIVE,Site is Live (Blocks automated bots)
carindigo.com,Auto Research,52+,Guest post,https://carindigo.com,VERIFIED ACTIVE,Site is Live (Blocks automated bots)
itstillruns.com,Auto DIY,68+,Guest post,https://itstillruns.com,VERIFIED ACTIVE,Site is Live (Blocks automated bots)
axleaddict.com,Auto DIY Blog,60+,Guest post,https://axleaddict.com,VERIFIED ACTIVE,Site is Live (Blocks automated bots)
cashcarsbuyer.com,Junk Car Buyer Blog,55+,Guest post,https://cashcarsbuyer.com,VERIFIED ACTIVE,Site is Live & Open
carandtruckparts.com,Parts Resource,50+,Resource link,https://carandtruckparts.com,VERIFIED ACTIVE,Site is Live & Open
cartreatments.com,Car Care Blog,52+,Guest post,https://cartreatments.com,VERIFIED ACTIVE,Site is Live (Blocks automated bots)
obdadvisor.com,OBD2 resource Blog,50+,Guest post,https://obdadvisor.com,VERIFIED ACTIVE,Site is Live & Open
scannerreviewer.com,OBD2 Blog,48+,Guest post,https://scannerreviewer.com,MANUAL REVIEW NEEDED,Site may be offline or moved
completecarreviews.com,Auto Review Blog,50+,Guest post,https://completecarreviews.com,MANUAL REVIEW NEEDED,Site may be offline or moved
motorbiscuit.com,Auto Blog,62+,Guest post / editorial,https://motorbiscuit.com,VERIFIED ACTIVE,Site is Live & Open
progressive.com,Insurance,85+,Resource mention,https://progressive.com,VERIFIED ACTIVE,Site is Live & Open
geico.com,Insurance,87+,Resource mention,https://geico.com,VERIFIED ACTIVE,Site is Live & Open
statefarm.com,Insurance,88+,Resource mention,https://statefarm.com,VERIFIED ACTIVE,Site is Live & Open
insurancequotes.com,Insurance Resource,72+,Resource mention,https://insurancequotes.com,VERIFIED ACTIVE,Site is Live (Blocks automated bots)
thezebracom,Insurance Comparison,75+,Resource mention,https://thezebracom,MANUAL REVIEW NEEDED,Site may be offline or moved
policygenius.com,Insurance Resource,78+,Resource mention,https://policygenius.com,VERIFIED ACTIVE,Site is Live & Open
bankrate.com/insurance/car-insurance,Finance Resource,90+,Resource mention,https://bankrate.com/insurance/car-insurance,VERIFIED ACTIVE,Site is Live (Blocks automated bots)
nerdwallet.com/auto-insurance,Finance Resource,92+,Resource mention,https://nerdwallet.com/auto-insurance,MANUAL REVIEW NEEDED,Site may be offline or moved
creditkarma.com,Finance Resource,90+,Resource mention,https://creditkarma.com,VERIFIED ACTIVE,Site is Live & Open
autoloanguide.com,Auto Finance Blog,52+,Guest post,https://autoloanguide.com,VERIFIED ACTIVE,Site is Live & Open
carchex.com,Extended Warranty,60+,Resource link,https://carchex.com,VERIFIED ACTIVE,Site is Live & Open
enduranceinc.com,Extended Warranty,62+,Resource link,https://enduranceinc.com,VERIFIED ACTIVE,Site is Live & Open
offerpad.com,Car Valuation,70+,Resource link,https://offerpad.com,VERIFIED ACTIVE,Site is Live (Blocks automated bots)
vroom.com,Online Car Sales,68+,Resource link,https://vroom.com,MANUAL REVIEW NEEDED,Site may be offline or moved
carvana.com,Online Car Sales,75+,Resource link,https://carvana.com,VERIFIED ACTIVE,Site is Live (Blocks automated bots)
carmax.com,Used Car Retailer,84+,Resource mention,https://carmax.com,VERIFIED ACTIVE,Site is Live & Open
shift.com,Used Car Platform,68+,Resource link,https://shift.com,VERIFIED ACTIVE,Site is Live & Open
autonation.com,Dealer Network,80+,Resource link,https://autonation.com,VERIFIED ACTIVE,Site is Live (Blocks automated bots)
iloveclassics.com,Classic Car Marketplace,55+,Business listing,https://iloveclassics.com,VERIFIED ACTIVE,Site is Live (Blocks automated bots)
hClassicCars.com,Classic Car Marketplace,65+,Business listing,https://hClassicCars.com,MANUAL REVIEW NEEDED,Site may be offline or moved
motorcar.com,Classic Car Marketplace,60+,Business listing,https://motorcar.com,VERIFIED ACTIVE,Site is Live (Blocks automated bots)
oldcarsonline.com,Classic Car Directory,55+,Business listing,https://oldcarsonline.com,MANUAL REVIEW NEEDED,Site may be offline or moved
classiccars.com,Classic Car Marketplace,68+,Business listing,https://classiccars.com,VERIFIED ACTIVE,Site is Live & Open
carsforsale.com,Car Marketplace,70+,Business listing,https://carsforsale.com,VERIFIED ACTIVE,Site is Live (Blocks automated bots)
usedcars.com,Car Marketplace,72+,Business listing,https://usedcars.com,VERIFIED ACTIVE,Site is Live (Blocks automated bots)
rydell.com,Auto Dealer Blog,50+,Guest post,https://rydell.com,VERIFIED ACTIVE,Site is Live & Open
carlistings.org,Car Listings,55+,Business listing,https://carlistings.org,MANUAL REVIEW NEEDED,Site may be offline or moved
sellmycar.com,Car Selling Resource,55+,Resource link,https://sellmycar.com,VERIFIED ACTIVE,Site is Live (Blocks automated bots)
vehicledynamicsinternational.com,Auto Engineering,55+,Guest post,https://vehicledynamicsinternational.com,VERIFIED ACTIVE,Site is Live & Open
automotivetestdriving.com,Auto Test Blog,40+,Guest post,https://automotivetestdriving.com,MANUAL REVIEW NEEDED,Site may be offline or moved
carsalesbase.com,Auto Sales Data,55+,Resource link,https://carsalesbase.com,VERIFIED ACTIVE,Site is Live & Open
jdpower.com,Customer Satisfaction,82+,Resource mention,https://jdpower.com,VERIFIED ACTIVE,Site is Live (Blocks automated bots)
car-accidents.com,Auto Safety Resource,52+,Resource link,https://car-accidents.com,VERIFIED ACTIVE,Site is Live & Open
crashstats.nhtsa.dot.gov,Govt Safety Data,90+,Resource mention,https://crashstats.nhtsa.dot.gov,VERIFIED ACTIVE,Site is Live & Open
safercar.gov,Govt Safety Resource,92+,Resource mention,https://safercar.gov,VERIFIED ACTIVE,Site is Live (Blocks automated bots)
iihs.org,Safety Institute,85+,Resource mention,https://iihs.org,VERIFIED ACTIVE,Site is Live & Open
nhtsa.gov,Govt Auto Safety,92+,Resource mention,https://nhtsa.gov,VERIFIED ACTIVE,Site is Live (Blocks automated bots)
tfhrc.gov,Transportation Research,85+,Resource mention,https://tfhrc.gov,MANUAL REVIEW NEEDED,Site may be offline or moved
autoinsurancecenter.com,Insurance Resource,62+,Resource link,https://autoinsurancecenter.com,MANUAL REVIEW NEEDED,Site may be offline or moved
carinsurance.com,Insurance Comparison,70+,Resource link,https://carinsurance.com,VERIFIED ACTIVE,Site is Live (Blocks automated bots)
vehiclehistory.com,Vehicle History,60+,Resource link,https://vehiclehistory.com,MANUAL REVIEW NEEDED,Site may be offline or moved
vincheck.com,VIN Check Resource,58+,Resource link,https://vincheck.com,MANUAL REVIEW NEEDED,Site may be offline or moved
vincheckfree.com,VIN Check,55+,Resource link,https://vincheckfree.com,VERIFIED ACTIVE,Site is Live & Open
epicvin.com,VIN Decoder,60+,Resource link,https://epicvin.com,VERIFIED ACTIVE,Site is Live & Open
faxvin.com,VIN Report,58+,Resource link,https://faxvin.com,VERIFIED ACTIVE,Site is Live & Open
vindecoderz.com,VIN Decoder,52+,Resource link,https://vindecoderz.com,VERIFIED ACTIVE,Site is Live (Blocks automated bots)
vinfreecheck.com,VIN Check,50+,Resource link,https://vinfreecheck.com,VERIFIED ACTIVE,Site is Live & Open
bumper.com,Vehicle History,62+,Resource link,https://bumper.com,VERIFIED ACTIVE,Site is Live & Open
autorevo.com,Auto Dealer Software,55+,Resource link,https://autorevo.com,VERIFIED ACTIVE,Site is Live & Open
dealersocket.com,Dealer Software,65+,Resource link,https://dealersocket.com,VERIFIED ACTIVE,Site is Live (Blocks automated bots)
vauto.com,Dealer Analytics,65+,Resource link,https://vauto.com,VERIFIED ACTIVE,Site is Live & Open
autodata.net,Auto Data Resource,60+,Resource link,https://autodata.net,VERIFIED ACTIVE,Site is Live (Blocks automated bots)
ihs.com/automotive,Auto Data/Research,78+,Resource mention,https://ihs.com/automotive,VERIFIED ACTIVE,Site is Live & Open
motorintelligence.com,Auto Sales Analytics,58+,Resource link,https://motorintelligence.com,VERIFIED ACTIVE,Site is Live & Open
auto.com,Auto Resource,68+,Guest post / resource,https://auto.com,VERIFIED ACTIVE,Site is Live (Blocks automated bots)
autobytel.com,Auto Research Resource,72+,Guest post / resource,https://autobytel.com,VERIFIED ACTIVE,Site is Live (Blocks automated bots)
drivetime.com,Used Car Dealership Blog,60+,Resource link,https://drivetime.com,VERIFIED ACTIVE,Site is Live & Open
autonation.com/blog,Dealer Blog,78+,Resource link,https://autonation.com/blog,VERIFIED ACTIVE,Site is Live (Blocks automated bots)
dealerinspire.com,Dealer Marketing Blog,55+,Guest post,https://dealerinspire.com,VERIFIED ACTIVE,Site is Live (Blocks automated bots)
digitaldealer.com,Dealer Industry Blog,60+,Guest post,https://digitaldealer.com,VERIFIED ACTIVE,Site is Live & Open
autodealermonthly.com,Trade Publication,55+,Guest post,https://autodealermonthly.com,MANUAL REVIEW NEEDED,Site may be offline or moved
cbtnews.com,Dealer Industry News,58+,Guest post,https://cbtnews.com,VERIFIED ACTIVE,Site is Live & Open
wrenchingwisdom.com,Auto Podcast/Blog,45+,Guest interview / link,https://wrenchingwisdom.com,VERIFIED ACTIVE,Site is Live & Open
carsandcalories.com,Auto/Fitness Podcast,40+,Guest interview,https://carsandcalories.com,MANUAL REVIEW NEEDED,Site may be offline or moved
automotivepodcasts.com,Podcast Directory,42+,Listing,https://automotivepodcasts.com,VERIFIED ACTIVE,Site is Live & Open
podcast.com,Podcast Directory,75+,Listing with link,https://podcast.com,VERIFIED ACTIVE,Site is Live & Open
podchaser.com,Podcast Directory,72+,Listing with link,https://podchaser.com,VERIFIED ACTIVE,Site is Live (Blocks automated bots)
listennotes.com,Podcast Directory,78+,Listing with link,https://listennotes.com,VERIFIED ACTIVE,Site is Live (Blocks automated bots)
podbay.fm,Podcast Directory,68+,Listing with link,https://podbay.fm,VERIFIED ACTIVE,Site is Live (Blocks automated bots)
boostability.com,SEO/Biz Blog,68+,Resource mention,https://boostability.com,VERIFIED ACTIVE,Site is Live (Blocks automated bots)
brightlocal.com,Local SEO Blog,72+,Resource mention,https://brightlocal.com,VERIFIED ACTIVE,Site is Live & Open
learningq.net,Education Resource,42+,Guest post,https://learningq.net,MANUAL REVIEW NEEDED,Site may be offline or moved
dzone.com,Tech Publishing,82+,Tech/Auto Article,https://dzone.com,VERIFIED ACTIVE,Site is Live (Blocks automated bots)
hackernoon.com,Tech Publishing,85+,Tech article with link,https://hackernoon.com,VERIFIED ACTIVE,Site is Live & Open
dev.to,Tech Publishing,85+,Tech article with link,https://dev.to,VERIFIED ACTIVE,Site is Live & Open
techcrunch.com,Tech News,94+,HARO resource mention,https://techcrunch.com,VERIFIED ACTIVE,Site is Live & Open
venturebeat.com,Tech News,90+,HARO resource mention,https://venturebeat.com,VERIFIED ACTIVE,Site is Live (Blocks automated bots)
digitaltrends.com,Tech/Auto,88+,Resource mention,https://digitaltrends.com,VERIFIED ACTIVE,Site is Live (Blocks automated bots)
mashable.com,Tech/Culture,92+,Resource mention,https://mashable.com,VERIFIED ACTIVE,Site is Live & Open
wired.com,Tech Magazine,94+,Resource mention,https://wired.com,VERIFIED ACTIVE,Site is Live & Open
thehill.com,Policy/News,91+,Resource mention,https://thehill.com,VERIFIED ACTIVE,Site is Live (Blocks automated bots)
nationalmotorclub.com,Motor Club,60+,Member link,https://nationalmotorclub.com,MANUAL REVIEW NEEDED,Site may be offline or moved
motorclubs.org,Motor Club Directory,55+,Member link,https://motorclubs.org,VERIFIED ACTIVE,Site is Live & Open
acarplace.com,Auto Directory,50+,Business listing,https://acarplace.com,MANUAL REVIEW NEEDED,Site may be offline or moved
automotive.com,Auto Resource,72+,Resource / guest post,https://automotive.com,MANUAL REVIEW NEEDED,Site may be offline or moved
thecarexpert.co.uk,UK Auto Expert Blog,60+,Guest post,https://thecarexpert.co.uk,VERIFIED ACTIVE,Site is Live & Open
honestjohn.co.uk,UK Auto Resource,68+,Resource link,https://honestjohn.co.uk,VERIFIED ACTIVE,Site is Live (Blocks automated bots)
autoblog.it,Italian Auto Blog,68+,Guest post,https://autoblog.it,VERIFIED ACTIVE,Site is Live & Open
motor.es,Spanish Auto Blog,62+,Guest post,https://motor.es,VERIFIED ACTIVE,Site is Live & Open
auto-motor-und-sport.de,German Auto Magazine,78+,Resource mention,https://auto-motor-und-sport.de,VERIFIED ACTIVE,Site is Live & Open
