Domain,Type,Domain Authority (Estimated)
cars.com,Directory/Marketplace,85+
autotrader.com,Directory/Marketplace,80+
motortrend.com,Automotive Magazine,89+
jalopnik.com,Automotive Blog,86+
caranddriver.com,Automotive Magazine,88+
kbb.com,Directory/Resource,85+
edmunds.com,Directory/Resource,86+
cargurus.com,Marketplace,80+
autoblog.com,Automotive Blog,87+
motor1.com,Automotive Blog,80+
thetruthaboutcars.com,Automotive Blog,75+
speedhunters.com,Automotive Blog,72+
hemmings.com,Marketplace/Blog,75+
popularmechanics.com/cars,Automotive Magazine,90+
repairpal.com,Directory/Resource,70+
cartalk.com,Resource/Blog,65+
autoevolution.com,Automotive Blog,80+
carcomplaints.com,Auto Resource,65+
clublexus.com,Auto Forum,65+
bimmerpost.com,Auto Forum,70+
ft86club.com,Auto Forum,60+
ls1tech.com,Auto Forum,60+
forums.nasioc.com,Auto Forum,65+
corvetteforum.com,Auto Forum,65+
audizine.com,Auto Forum,60+
vwvortex.com,Auto Forum,75+
ford-trucks.com,Auto Forum,68+
tacomaworld.com,Auto Forum,65+
jeepforum.com,Auto Forum,60+
jlranglerforums.com,Auto Forum,60+
f150forum.com,Auto Forum,65+
mbworld.org,Auto Forum,65+
rennlist.com,Auto Forum,68+
supraforums.com,Auto Forum,55+
rx7club.com,Auto Forum,55+
nissyclub.com,Auto Forum,55+
mustang6g.com,Auto Forum,55+
camaro6.com,Auto Forum,55+
challengertalk.com,Auto Forum,55+
chargerforums.com,Auto Forum,55+
ramforum.com,Auto Forum,55+
silveradosierra.com,Auto Forum,55+
gm-trucks.com,Auto Forum,60+
tundrasolutions.com,Auto Forum,55+
clubfrontier.org,Auto Forum,55+
titantalk.com,Auto Forum,55+
s2ki.com,Auto Forum,60+
miata.net,Auto Forum,60+
thecarconnection.com,Resource/Blog,80+
motorius.com,Automotive Blog,70+
