Domain,StatusCode
.eccolontherapy.com,0
0.r.bat.bing.com,200
0047809.netsolhost.com,0
007creditagent.com,200
1-800-car-part.com,403
1-fit-mama.com,0
1000broadway.com,0
1000islands.net,200
100mileautoparts.com,200
100news.biz,0
1010nash.com,0
1010recycle.com,0
109upullit.com,200
111salvage.com,200
119thandthird.com,200
11oclockcomics.com,200
123-pates.fr,200
128usedautoparts.com,410
12hourtrafficschool.us,0
1431propertymanagement.com,0
1525drive.com,0
160autosalvage.com,403
1800291junk.com,200
1800caddysone.com,403
1800gotjunk.com,200
1800hubcaps.com,200
1800mrjunker.com,200
1800mustang.com,0
1affordableautoparts.com,403
1autoparts.net,0
1choiceeldercare.com,0
1kino.com,0
1st-response.blogspot.com,200
1stalarmsecurity.com,200
1stclassautosalvage.com,0
1stcoloradoroofing.com,200
1tap.mobi,200
1taylorauto.com,0
2000auto.net,200
2000usedautoparts.com,403
201smokeshop.com,200
2020importautoparts.com,403
205autosalvage.com,0
2060autoparts.com,403
209mall.com,404
20thstreetauto.com,400
216reliableautoparts.com,200
21centhymns.com,0
21firstst.com,200
21tow.com,200
21towing.com,200
239auto.com,200
23st-towing.com,200
23taxi.ru,200
2470usedautoparts.com,200
247junkcars.com,200
271autosalvage.com,0
27mangolane.com,0
2kata.ru,200
2kmetalworks.com,0
300mclub.org,403
301autoparts.com,0
306autoparts.com,0
310cashforcars.com,200
311autoparts.com,200
360contests.com,0
360supplements.com.au,0
3amsda.com,0
3aoyuncak.com,0
3dlookinglass.com,0
3mautodismantling.com,0
3ojivas.com,0
3trstudios.com,0
4-autoparts.com,200
404autorecycling.com,403
406autoparts.com,410
411usedparts.com,403
419ink.com,0
41a-autoparts.com,200
422autosales.com,200
43auto.com,200
442lowe.com,200
489parts.com,0
495recyclers.com,200
4asautoparts.com,403
4autosalvage.com,200
4brothersinc.com,200
4compliance.net,0
4dgroup.co.uk,0
4tiresandwheelsplus.com,200
4urparts.com,0
4x4offroadnetwork.com,200
4x4truckandautoparts.com,0
52autoparts.com,403
550arts.com,200
5mileautowrecking.com,200
5min.com,0
5starautosalesinc.com,200
5thstreetauto.com,200
62autoparts.com,0
6440autoparts.com,403
66trucksalvage.com,403
67motors.com,403
6liters.com,200
70eastautosalvage.com,200
717tattoo.com,200
74auto.com,200
76autosalvage.com,0
777s.ru,200
78westinc.com,403
7ae.us,0
7ooo.ru,200
81autoparts.com,0
88mileswest.com,526
8mm-film-transfer-to-dvd.com,0
90minutesboisees.fr,0
975lawyer.com,0
97autowrecking.com,200
99wetowit.com,0
9junkit.com,0
a-1autobody.com,0
a-1autosalvageandusedcars.com,200
a-1autowreckers.net,200
a-1electricalsolutions.net,0
a-1metals.com,200
a-1statelinesalvage.com,0
a-1truckparts.com,200
a-1usedparts.com,403
a-arvadaautowrecking.com,200
a-atlastx.com,200
a-atruckparts.com,200
a-b-auto.com,200
a-dautosales.com,200
a-g-g-auto-repair-inc.edan.io,403
a-german.com,200
a-oautoparts.com,403
a-plusparts.com,403
a-starautomotive.com,200
a-zautoparts.com,0
a-zautosalvage.com,403
a-zenterprises.net,403
a.xtopoly.com,503
a1aautoparts.com,403
a1allauto.com,403
a1augustine.com,200
a1auto.com,200
a1autopartsandglass.com,0
a1autopartsinc.com,404
a1autopartsla.com,200
a1autopull.com,200
a1autorecyclers.com,200
a1autorecyclersnm.com,200
a1autosalvage-ar.com,403
a1autosalvage.com,200
a1autosupply.com,200
a1autowreckers.com,200
a1dallas.com,200
a1foreignparts.com,200
a1hondaautoparts.com,200
a1import.net,200
a1partsforless.com,0
a1partsmart.com,200
a1pickapart.com,200
a1recar.com,403
a1repairablewrecks.net,0
a1rylie.com,0
a1rylieautoparts.com,200
a1sales-md.com,0
a1truckwrecking.com,200
a1usedautopartsinc.com,200
a2zautobodypart.com,200
a2zlasers.com,200
a6corp.com,0
aa-autosalvageinc.com,0
aaaallcarautosalvage.com,200
aaaallcars.com,200
aaaauto-salvage.com,200
aaaautopartsofevansville.com,0
aaaautopartsreno.com,0
aaaautorecycler.com,200
aaaautorecycling.com,0
aaaautosalvage.com,200
aaaautowrecking.com,403
aaabroadwayautoparts.com,200
aaadodgetruckandvan.com,0
aaaffordable.com,0
aaaic.net,200
aaaimportstx.com,403
aaamanagement.net,0
aaaparts.com,200
aaapartsplus.com,0
aaarichierichautoparts.com,200
aaausedautopart.com,200
aaautopartsinc.com,200
aaautosalvage.net,200
aaautosalvagenj.com,0
aaautotucson.com,200
aaautoworks.com,0
aabcrg.com,0
aableautoparts.com,200
aableautosalvage.net,0
aablesafetyclean.com,200
aacashandcarry.com,200
aachenauto.com,200
aactionautoparts.com,200
aadco.ca,200
aadsmmo.com,0
aaforeign.com,200
aamach.com,200
aamidwest.com,200
aamobilelegalservices.com,0
aanationalautoparts.com,0
aandaautopartsokc.com,403
aandaautosalvage.com,200
aandaparts.com,200
aandasalvage.com,403
aandbauto.net,200
aandbautosalvagetx.com,403
aandbusedautoparts.com,0
aanddautoparts.com,200
aanddtruckautoparts.com,200
aandiautorecyclers.com,403
aandmautowreckers.com,403
aandrautosalvage.com,403
aandsusedauto.com,403
aandvautoparts.com,200
aandzautoparts.com,200
aapiarkansas.org,200
aarecoverycoinsstore.com,0
aarecyclers.com,200
aaronauto.com,403
aaronmichel.com,200
aaronsautogroup.com,0
aaronsautopartstx.com,403
aaronsautorecycling.com,0
aasautoparts.com,0
aascrapmetal.com,200
aasvallsboxer.net,0
aatlasautorecycling.com,200
aausedautoparts.com,403
aausedparts.com,200
aautomotiveinc.com,200
aautosource.com,403
aautotruckservice.com,0
aazzees.com,200
abakan.xxxrus.org,0
abandbauto.com,403
abantiautosalvageandtowing.com,200
abautosalvage.net,200
abautowrecking.com,403
abcap.com,200
abcatautoinc.com,200
abcautoparts.com,200
abcautopartshouse.com,200
abcautowreckingaz.com,403
abcoautoparts.com,200
abcofridleyautoparts.com,200
abcomps.com,200
abcsalvage.com,200
abdautoparts.com,403
abdts.com,200
abeautosalvageinc.com,200
abeautousedparts.com,200
aberdeenauto.com,0
abesautoparts.net,403
abetterworldcharlotte.org,200
abfabflowerslondon.com,0
abfamilyappliances.com,0
abgprom.com,200
abigailpolleyphotography.com,0
abilenefurnitureleasing.net,200
abileneusedcarsales.com,403
abitareilgiardino.it,0
ablejunkcars.com,0
abmotorsla.com,200
abonti.com,200
aboveallautowrecking.com,403
abpipes.com,200
abqforeignauto.com,200
abrautorecyclers.net,200
abrentisart.com,0
abrokenmission.com,0
abslikenewimport.com,200
absolute.cc,200
absolutegerman.com,200
abstracttechnologiessa.com,0
abtruckparts.com,521
abvmcentereach.com,0
ac-cavaion.it,0
ac-electric-service.com,0
acadiacontractors.com,200
acadiapharma.com,200
acarautos.com,200
acautoinc.com,200
acautoparts.net,200
accelautorecyclers.com,0
accessorytruck.com,0
accobio.com,200
accounts.google.com,200
accurate-auto.com,403
accurateautoglassandmirror.com,200
accurateautoparts.com,200
accurateforeignparts.com,403
accuratestdtesting.com,200
accuweather.com,403
acdelco.com,200
ace-autoparts.com,200
aceautodismantlers.com,200
aceautonj.com,0
aceautorecyclers.com,403
aceautosalvage.com,200
aceautosalvage.net,200
aceautosalvageinc.com,0
aceautosalvagejonesville.com,403
aceautosalvagenj.com,0
aceautowreckers.com,200
acegermanusedparts.com,0
aceiron.calls.net,200
acepickupparts.com,200
acerexchange.com,200
acesafes.co.uk,200
aceusedautoparts.net,200
acevehicles.com,403
acfeneo.org,403
aciberica.es,200
acidreams.cl,200
acmeautopartsmi.com,200
acmedistributing.com,0
acmelangs.com,0
acmerecycling.com,200
acmesalvageinc.com,403
acreautousedparts.com,200
acsinc.org,200
acsiowa.net,0
action-auto-parts.com,0
actionautoandtruck.com,403
actionautonm.com,403
actionautopartsmn.com,200
actionautorecyclers.com,410
actionautorecycling.com,200
actionautosanjose.com,200
actionautowreckers.com,200
actionautowrecking.com,403
actionsalvage.com,200
actiontruckparts.com,200
activeautowreckers.com,403
activebindery.com,0
activewearweb.com,200
activision.com,200
actorsclubhouse.com,200
acworthminiwarehouse.com,0
adacomputer.net,200
adalarinsaat.com,0
adamandson.com,200
adamivers.com,0
adamsautoparts.com,200
adamsautopartstx.com,200
adamsautosalvage.com,0
adamsautowrecking.com,200
adamsusedautoparts.com,200
adamswrecking.com,200
addthis.com,403
addyourlight.org,0
adelmans.com,200
adguard.com,0
adignifiedlife.com,200
adilconstantine.com,200
adkinsauto.com,200
adkinsautosalvage.com,0
adlriverport.com,200
admantx.com,200
admarksolutions.com,403
adobe.com,0
adoptapart.com,200
adoptia.org,200
adoptionstogether.org,200
adorabutikhotel.com,0
adpprotective.com,0
adrenalinconcepts.com,0
adsafemedia.com,200
adsdc.org,200
advanceautosalvage.com,200
advancebay.com,200
advancedautorecyclers.com,200
advancedautowrecking.com,200
advancedfeeds.wordpress.com,0
advancedvehiclesystems.com,200
advantage-european.com,0
advantagecredit.com,0
advantageimports.com,200
advantagemetalsrecycling.com,200
adventuresuppliesuk.com,403
advocare.com,0
advparts.com,200
aecarparts.com,0
aedbadattitudeyahoo.com,0
aemetals.com,200
aenonautorecycling.com,200
aeroautoparts.com,200
aerodyneinc.net,0
aeropuertoautoservice.com,403
aerosustainable.com,200
aerowaysinc.com,200
afcracing.com,200
affiliatedautowrecking.com,200
affinity-yoga.com,0
affordable-autoparts.com,200
affordableautoparts.net,200
affordableautopartsandsalvage.com,200
affordableautopartsinc.com,403
affordableautorepairtowing.com,0
affordableautosalvage.com,200
affordablechoiceinsuranceagency.com,200
affordablecollectables.com,0
affordablepartsyard.com,200
affordablerealtygroup.com,0
affordablestdtesting.com,200
affordableusedautoparts.com,403
afstrategic.com,0
aftautoparts.com,403
after-six-window-tinting.hub.biz,503
afterburnersllc.com,0
afterdarkmode.com,0
afterhourssalvage.com,200
agautodismantling.com,200
agaylist.com,0
agconsultores.com.py,0
agdcomo.it,200
ageesautoparts.com,200
agemanagementpanama.com,200
agent-dt.convoso.com,200
aghaboggfc.com,200
agilecare.com,200
agintzari.com,200
agnesegiovanni.it,0
agptek.com,0
agrashops.com,301
agscakesupplies.com,200
ah.seotooladda.com,0
ahaesyelectric.com,200
ahautoparts.com,200
ahemon.com,200
ahikn.com,200
ahparts.com,200
ahrefs.com,200
aibolita.ru,403
aic-int-consulting.es,0
aicftpin.com,0
aidp.bytedance.com,200
aidp.bytedance.net,0
aidpi.fr,0
aikeyautosalvage.com,403
aikidosummit.com,0
aim-rg.com,200
aimes.mb.ca,200
aimesauto.ca,200
ainymotivationclass.com,0
airbags-oem-auto.com,0
airbagsinc.com,0
airborneautosalvage.com,200
aircraftspecialty.com,200
airlineautopartsinc.com,410
airlinetexas.com,404
airmatecom.com,200
airportauto-detroit.com,0
airportautoparts.com,403
airportautopartsinc.com,403
airportautosalvageportland.com,403
airports-china.com,200
airporttruckandauto.com,200
airsoftking.com,0
airwayautoparts.com,200
aismglobal.org,0
ajaxauto.com,200
ajaxautopartsmo.com,0
ajsautowny.com,200
akama.com,200
akrightauto.com,200
akronautowrecking.com,0
aksesorismobiljakarta.com,0
akumaneko.com,0
alabasterautorepairservice.com,200
alamoautoparts.com,200
alarmremotes.co.uk,200
alautoia.com,0
alawaji-gro.com,0
alba.co.za,200
albanyautosalvage.com,403
albanyjunkcar.com,200
albanysalvage.com,503
albare-enactment.co.uk,0
albertaautowreckers.com,200
albertdelrio.com,200
albertifarms.com,0
albertsused.com,200
albion-guesthouse.co.uk,0
albionautoparts.org,200
alchemy-it.com,0
alcobronz.com,200
aldergroveautowrecking.com,410
aldonauto.com,200
alecsys.com,200
alessandrinihfc.com,200
alexandersautoranch.com,0
