Domain,Category,Estimated DA,Strategy,Target URL
cars.com,Automotive Directory,85+,List business / content placement,https://cars.com
autotrader.com,Automotive Marketplace,84+,Dealer listing,https://autotrader.com
kbb.com,Automotive Directory,85+,Content/resource link,https://kbb.com
edmunds.com,Automotive Directory,86+,Resource/guide link,https://edmunds.com
cargurus.com,Automotive Directory,80+,Dealer listing,https://cargurus.com
carfax.com,Automotive Resource,82+,Resource link,https://carfax.com
truecar.com,Automotive Marketplace,79+,Resource/dealer link,https://truecar.com
motortrend.com,Automotive Magazine,89+,Guest post / editorial,https://motortrend.com
caranddriver.com,Automotive Magazine,88+,Guest post / editorial,https://caranddriver.com
roadandtrack.com,Automotive Magazine,87+,Guest post / editorial,https://roadandtrack.com
popularmechanics.com,Automotive Magazine,90+,Guest post / editorial,https://popularmechanics.com
consumerreports.org,Review/Research,91+,Resource mention,https://consumerreports.org
autoweek.com,Automotive Magazine,83+,Guest post,https://autoweek.com
autoblog.com,Automotive Blog,87+,Guest post / editorial,https://autoblog.com
motor1.com,Automotive Blog,80+,Guest post,https://motor1.com
thecarconnection.com,Resource/Blog,80+,Guest post,https://thecarconnection.com
autoevolution.com,Automotive Blog,80+,Guest post,https://autoevolution.com
hemmings.com,Automotive Marketplace,75+,Listing / article,https://hemmings.com
repairpal.com,Auto Repair Directory,70+,Business listing,https://repairpal.com
carcomplaints.com,Auto Resource,65+,Resource mention,https://carcomplaints.com
partsgeek.com,Parts Directory,68+,Link outreach,https://partsgeek.com
rockauto.com,Parts Marketplace,72+,Resource link,https://rockauto.com
autozone.com,Parts Retailer,76+,Resource mention,https://autozone.com
oreillyauto.com,Parts Retailer,75+,Resource mention,https://oreillyauto.com
napaonline.com,Parts Retailer,74+,Resource mention,https://napaonline.com
1aauto.com,Parts/How-To,63+,Guest post / how-to,https://1aauto.com
dormanproducts.com,Auto Parts,67+,Resource link,https://dormanproducts.com
advanceautoparts.com,Parts Retailer,74+,Resource mention,https://advanceautoparts.com
motorcar.com,Auto Parts Directory,60+,Directory listing,https://motorcar.com
car-part.com,Salvage Parts Directory,65+,Directory listing,https://car-part.com
yelp.com,Local Business Directory,93+,Business listing,https://yelp.com
yellowpages.com,Business Directory,89+,Business listing,https://yellowpages.com
bbb.org,Business Directory,91+,Business listing,https://bbb.org
manta.com,Business Directory,84+,Business listing,https://manta.com
angi.com,Local Services,87+,Business listing,https://angi.com
thumbtack.com,Local Services,85+,Business listing,https://thumbtack.com
chamberofcommerce.com,Business Directory,82+,Business listing,https://chamberofcommerce.com
merchantcircle.com,Business Directory,78+,Business listing,https://merchantcircle.com
foursquare.com,Business Directory,90+,Business listing,https://foursquare.com
hotfrog.com,Business Directory,75+,Business listing,https://hotfrog.com
cylex-usa.com,Business Directory,72+,Business listing,https://cylex-usa.com
businessfinder.com,Business Directory,65+,Business listing,https://businessfinder.com
brownbook.net,Business Directory,68+,Business listing,https://brownbook.net
local.com,Business Directory,72+,Business listing,https://local.com
superpages.com,Business Directory,82+,Business listing,https://superpages.com
whitepages.com,Business Directory,85+,Business listing,https://whitepages.com
citysearch.com,Business Directory,80+,Business listing,https://citysearch.com
bizapedia.com,Business Directory,63+,Business listing,https://bizapedia.com
opendius.com,Business Directory,62+,Business listing,https://opendius.com
infobel.com,Business Directory,65+,Business listing,https://infobel.com
corvetteforum.com,Automotive Forum,65+,Community post / signature link,https://corvetteforum.com
vwvortex.com,Automotive Forum,75+,Community post / signature link,https://vwvortex.com
bimmerpost.com,Automotive Forum,70+,Community post / signature link,https://bimmerpost.com
clublexus.com,Automotive Forum,65+,Community post / signature link,https://clublexus.com
rennlist.com,Automotive Forum,68+,Community post / signature link,https://rennlist.com
ford-trucks.com,Automotive Forum,68+,Community post / signature link,https://ford-trucks.com
f150forum.com,Automotive Forum,65+,Community post / signature link,https://f150forum.com
tacomaworld.com,Automotive Forum,65+,Community post / signature link,https://tacomaworld.com
tacoma.net,Automotive Forum,55+,Community post / signature link,https://tacoma.net
jeepforum.com,Automotive Forum,60+,Community post / signature link,https://jeepforum.com
jlranglerforums.com,Automotive Forum,60+,Community post / signature link,https://jlranglerforums.com
jeeppatriots.com,Automotive Forum,55+,Community post / signature link,https://jeeppatriots.com
camaro6.com,Automotive Forum,55+,Community post / signature link,https://camaro6.com
mustang6g.com,Automotive Forum,55+,Community post / signature link,https://mustang6g.com
challengertalk.com,Automotive Forum,55+,Community post / signature link,https://challengertalk.com
chargerforums.com,Automotive Forum,55+,Community post / signature link,https://chargerforums.com
dodgetalk.com,Automotive Forum,58+,Community post / signature link,https://dodgetalk.com
ramforum.com,Automotive Forum,55+,Community post / signature link,https://ramforum.com
silveradosierra.com,Automotive Forum,62+,Community post / signature link,https://silveradosierra.com
gm-trucks.com,Automotive Forum,60+,Community post / signature link,https://gm-trucks.com
tundrasolutions.com,Automotive Forum,55+,Community post / signature link,https://tundrasolutions.com
titantalk.com,Automotive Forum,55+,Community post / signature link,https://titantalk.com
clubfrontier.org,Automotive Forum,55+,Community post / signature link,https://clubfrontier.org
nissanclub.com,Automotive Forum,58+,Community post / signature link,https://nissanclub.com
teamintegra.net,Automotive Forum,55+,Community post / signature link,https://teamintegra.net
s2ki.com,Automotive Forum (Honda),60+,Community post / signature link,https://s2ki.com
miata.net,Automotive Forum,60+,Community post / signature link,https://miata.net
audizine.com,Automotive Forum,60+,Community post / signature link,https://audizine.com
mbworld.org,Automotive Forum,65+,Community post / signature link,https://mbworld.org
yellowbullet.com,Automotive Forum,55+,Community post / signature link,https://yellowbullet.com
supraforums.com,Automotive Forum,55+,Community post / signature link,https://supraforums.com
rx7club.com,Automotive Forum,55+,Community post / signature link,https://rx7club.com
nasioc.com,Subaru Forum,65+,Community post / signature link,https://nasioc.com
clubwrx.net,Subaru Forum,55+,Community post / signature link,https://clubwrx.net
cars.net,Automotive Forum,65+,Community post / signature link,https://cars.net
ls1tech.com,GM Automotive Forum,60+,Community post / signature link,https://ls1tech.com
ft86club.com,Toyota 86 Forum,60+,Community post / signature link,https://ft86club.com
scionlife.com,Scion Forum,57+,Community post / signature link,https://scionlife.com
priuschat.com,Toyota Prius Forum,60+,Community post / signature link,https://priuschat.com
verdad-tr.com,Hispanic Auto Forum,50+,Community post / signature link,https://verdad-tr.com
motoringtalk.com,Automotive Forum,52+,Community post / signature link,https://motoringtalk.com
automotiveforums.com,Automotive Forum,65+,Community post / signature link,https://automotiveforums.com
vetteweb.com,Corvette Forum,55+,Community post / signature link,https://vetteweb.com
stangnet.com,Mustang Forum,58+,Community post / signature link,https://stangnet.com
cobaltss.net,Chevy Cobalt Forum,52+,Community post / signature link,https://cobaltss.net
carguide.net,Automotive Forum,55+,Community post / signature link,https://carguide.net
cardomain.com,Automotive Forum,72+,Community post / garage listing,https://cardomain.com
carstuff.com,Automotive Forum,60+,Community post / signature link,https://carstuff.com
performancetrucks.net,Truck Forum,55+,Community post / signature link,https://performancetrucks.net
car-revs-daily.com,Auto Blog/Forum,55+,Guest post / community,https://car-revs-daily.com
carlovers.in,Auto Forum,50+,Community post,https://carlovers.in
u-pull-it.com,Salvage Directory,55+,Business listing / link,https://u-pull-it.com
part-locator.com,Parts Locator,58+,Business listing,https://part-locator.com
pullmoreparts.com,Salvage Directory,52+,Business listing,https://pullmoreparts.com
lkqcorp.com,Auto Parts / Salvage,68+,Resource link,https://lkqcorp.com
picknsave.com,Salvage Yards,50+,Business listing,https://picknsave.com
usedpartcentral.com,Used Parts Directory,52+,Business listing,https://usedpartcentral.com
autopartslocator24.com,Parts Locator,50+,Business listing,https://autopartslocator24.com
find-auto-parts.com,Parts Directory,50+,Business listing,https://find-auto-parts.com
usedcarparts.com,Used Parts Directory,55+,Business listing,https://usedcarparts.com
caryardlocator.com,Junkyard Directory,50+,Business listing,https://caryardlocator.com
junk-yards.com,Junkyard Directory,60+,Business listing,https://junk-yards.com
autopartlocator.com,Parts Locator,53+,Business listing,https://autopartlocator.com
localautosalvage.com,Junkyard Directory,51+,Business listing,https://localautosalvage.com
interstatejunkyard.com,Salvage Network,54+,Business listing,https://interstatejunkyard.com
usedparts.net,Used Parts Directory,50+,Business listing,https://usedparts.net
thetruthaboutcars.com,Automotive Blog,75+,Guest post,https://thetruthaboutcars.com
speedhunters.com,Automotive Blog,72+,Guest post,https://speedhunters.com
jalopyjournal.com,Automotive Blog,60+,Guest post,https://jalopyjournal.com
motorlogy.com,Automotive Blog,55+,Guest post,https://motorlogy.com
topspeed.com,Automotive Blog,72+,Guest post,https://topspeed.com
driving.ca,Automotive Blog,60+,Guest post,https://driving.ca
autoguide.com,Automotive Blog,70+,Guest post,https://autoguide.com
carbuzz.com,Automotive Blog,73+,Guest post / editorial,https://carbuzz.com
caradvice.com.au,Automotive Blog,70+,Guest post,https://caradvice.com.au
drivingeldorado.com,Automotive Blog,40+,Guest post,https://drivingeldorado.com
usedcarblog.com,Automotive Blog,42+,Guest post,https://usedcarblog.com
mechanicbase.com,Auto Repair Blog,55+,Guest post,https://mechanicbase.com
repairsmith.com,Auto Repair Blog,62+,Resource/guest post,https://repairsmith.com
yourmechanic.com,Auto Repair Blog,67+,Guest post / resource,https://yourmechanic.com
fiix.io,Auto Repair Blog,55+,Guest post,https://fiix.io
drivemag.com,Automotive Blog,60+,Guest post,https://drivemag.com
carbibles.com,Automotive Resource,58+,Guest post,https://carbibles.com
wikimotors.us,Automotive Resource,48+,Guest post,https://wikimotors.us
enginepatrol.com,Automotive Blog,50+,Guest post,https://enginepatrol.com
theautomobilist.com,Automotive Blog,48+,Guest post,https://theautomobilist.com
cartechnews.com,Automotive News,55+,Guest post / editorial,https://cartechnews.com
driverseat.ca,Automotive Blog,50+,Guest post,https://driverseat.ca
mymotorscoop.com,Automotive Blog,45+,Guest post,https://mymotorscoop.com
autoweek.com,Automotive Magazine,80+,Guest post,https://autoweek.com
wheelsage.org,Automotive Blog,52+,Guest post,https://wheelsage.org
autocar.co.uk,Automotive Magazine,82+,Guest post,https://autocar.co.uk
whatcar.com,Automotive Magazine,78+,Guest post,https://whatcar.com
parkers.co.uk,Automotive Resource,70+,Guest post,https://parkers.co.uk
greencarguide.co.uk,Automotive Blog,55+,Guest post,https://greencarguide.co.uk
cleanfleetreport.com,EV/Green Automotive Blog,55+,Guest post,https://cleanfleetreport.com
evobsession.com,EV Blog,55+,Guest post,https://evobsession.com
plugincars.com,EV Blog,58+,Guest post,https://plugincars.com
electrek.co,EV Blog,82+,Guest post / editorial,https://electrek.co
insideevs.com,EV News,80+,Guest post,https://insideevs.com
greenauto.com,EV/Green Auto Blog,50+,Guest post,https://greenauto.com
automotiveit.com,Auto Tech Blog,50+,Guest post,https://automotiveit.com
carscoops.com,Auto News Blog,75+,Guest post,https://carscoops.com
driving.ca,Canadian Auto Blog,62+,Guest post,https://driving.ca
motoringfile.com,MINI Blog,55+,Guest post,https://motoringfile.com
motormouth.ca,Canadian Auto Blog,55+,Guest post,https://motormouth.ca
quora.com,Q&A Platform,92+,Expert Answer with link,https://quora.com
reddit.com/r/AskMechanics,Forum/Q&A,95+,Community post / expert reply,https://reddit.com/r/AskMechanics
reddit.com/r/AutoMechanics,Forum/Q&A,95+,Community post,https://reddit.com/r/AutoMechanics
reddit.com/r/cars,Forum/Q&A,95+,Community post,https://reddit.com/r/cars
reddit.com/r/UsedCars,Forum/Q&A,95+,Community post,https://reddit.com/r/UsedCars
reddit.com/r/Justrolledintotheshop,Forum/Q&A,95+,Community post,https://reddit.com/r/Justrolledintotheshop
reddit.com/r/autoparts,Forum/Q&A,95+,Community post,https://reddit.com/r/autoparts
reddit.com/r/CarProblems,Forum/Q&A,95+,Community post,https://reddit.com/r/CarProblems
answers.yahoo.com,Q&A Platform,82+,Expert Answer,https://answers.yahoo.com
producthunt.com,Product/App Directory,90+,Product listing,https://producthunt.com
medium.com,Publishing Platform,95+,Article with link,https://medium.com
linkedin.com,Professional Network,98+,Article / posts with link,https://linkedin.com
facebook.com,Social,100+,Business page / group posts,https://facebook.com
twitter.com,Social,94+,Profile link + mentions,https://twitter.com
instagram.com,Social,93+,Bio link,https://instagram.com
youtube.com,Video Platform,100+,Video description link,https://youtube.com
pinterest.com,Visual Platform,94+,Pins with links,https://pinterest.com
tumblr.com,Blogging Platform,85+,Blog post with link,https://tumblr.com
wordpress.com,Blogging Platform,92+,Blog post with link,https://wordpress.com
blogspot.com,Blogging Platform,97+,Blog post with link,https://blogspot.com
blogger.com,Blogging Platform,97+,Blog post with link,https://blogger.com
wix.com,Website Builder,93+,Free site with link,https://wix.com
weebly.com,Website Builder,87+,Free site with link,https://weebly.com
sites.google.com,Google Sites,100+,Free page with link,https://sites.google.com
hub.docker.com,Tech Platform,89+,Profile link,https://hub.docker.com
github.com,Tech Platform,96+,Repo / profile link,https://github.com
nytimes.com,National News,96+,HARO/resource mention,https://nytimes.com
usatoday.com,National News,94+,HARO/resource mention,https://usatoday.com
wsj.com,National News,97+,HARO/resource mention,https://wsj.com
forbes.com,Business/Finance News,95+,Contributor article,https://forbes.com
businessinsider.com,News,93+,HARO/resource mention,https://businessinsider.com
huffpost.com,News/Blog,91+,Contributor article,https://huffpost.com
thebalance.com,Finance/Resource,88+,Resource mention,https://thebalance.com
usnews.com/cars,News/Automotive,91+,Resource mention,https://usnews.com/cars
time.com,News Magazine,95+,HARO,https://time.com
cnet.com/roadshow,Tech/Automotive,93+,Resource mention,https://cnet.com/roadshow
motorauthority.com,Auto News,75+,Guest post,https://motorauthority.com
wheels.ca,Canadian Auto News,60+,Guest post,https://wheels.ca
driving.co.uk,UK Auto News,65+,Guest post,https://driving.co.uk
motoringresearch.com,UK Auto Research,60+,Guest post,https://motoringresearch.com
driving.com,Automotive,62+,Guest post,https://driving.com
autonews.com,Automotive Trade News,80+,Resource / editorial,https://autonews.com
wardsauto.com,Automotive Trade,72+,Resource / editorial,https://wardsauto.com
fleetowner.com,Fleet/Commercial,65+,Guest post / resource,https://fleetowner.com
truckinginfo.com,Trucking Industry,62+,Guest post / resource,https://truckinginfo.com
ccjdigital.com,Commercial Vehicle,60+,Guest post / resource,https://ccjdigital.com
mapquest.com,Local Citation,88+,Business listing,https://mapquest.com
bing.com/places,Local Citation,97+,Business listing,https://bing.com/places
yahoo.com/local,Local Citation,97+,Business listing,https://yahoo.com/local
apple.com/maps,Local Citation,100+,Business listing,https://apple.com/maps
here.com,Local Citation,85+,Business listing,https://here.com
tomtom.com,Local Citation,80+,Business listing,https://tomtom.com
waze.com,Local Citation,88+,Business listing,https://waze.com
ezlocal.com,Local Citation,70+,Business listing,https://ezlocal.com
n49.com,Local Citation,65+,Business listing,https://n49.com
getfave.com,Local Citation,68+,Business listing,https://getfave.com
angieslist.com,Local Services,87+,Business listing,https://angieslist.com
houzz.com,Local Services,90+,Business listing,https://houzz.com
trustpilot.com,Reviews,92+,Business listing,https://trustpilot.com
g2.com,Reviews,88+,Business listing,https://g2.com
capterra.com,Reviews,85+,Business listing,https://capterra.com
glassdoor.com,Reviews,91+,Business listing,https://glassdoor.com
indeed.com,Business,92+,Company listing,https://indeed.com
alignable.com,Small Business Network,72+,Business listing,https://alignable.com
nextdoor.com,Local Community,88+,Business listing,https://nextdoor.com
expertise.com,Local Services,70+,Business listing,https://expertise.com
bark.com,Local Services,78+,Business listing,https://bark.com
homeadvisor.com,Local Services,87+,Business listing,https://homeadvisor.com
porch.com,Local Services,72+,Business listing,https://porch.com
nearbynow.com,Local Services,62+,Business listing,https://nearbynow.com
ase.com,Auto Tech Association,68+,Resource / partner link,https://ase.com
aaia.org,Auto Industry Association,62+,Member link,https://aaia.org
sema.org,Specialty Equipment,72+,Member link,https://sema.org
nada.org,Dealer Association,70+,Resource link,https://nada.org
aaaa.org,Aftermarket Association,62+,Member link,https://aaaa.org
automotiveserviceassociation.org,Auto Service Assoc,60+,Member link,https://automotiveserviceassociation.org
aapexshow.com,Auto Parts Trade Show,60+,Exhibitor link,https://aapexshow.com
motorist.org,AAA Motorist,78+,Resource link,https://motorist.org
aaa.com,Auto Club,90+,Resource / partner link,https://aaa.com
carcare.org,Car Care Council,65+,Resource mention,https://carcare.org
goodwillcardonation.com,Auto Charity,60+,Partner link,https://goodwillcardonation.com
automotivetechnology.org,Auto Tech Education,55+,Resource link,https://automotivetechnology.org
icar.com,Auto Repair Training,62+,Resource link,https://icar.com
collision.org,Collision Repair,60+,Resource link,https://collision.org
aiag.org,Automotive Industry Action Group,68+,Resource link,https://aiag.org
epa.gov/greenvehicles,Govt/Environment,95+,Resource mention,https://epa.gov/greenvehicles
fueleconomy.gov,Govt Reference,92+,Resource mention,https://fueleconomy.gov
vehiclesandenvironment.com,Environment Auto Blog,52+,Guest post,https://vehiclesandenvironment.com
greencarreports.com,Green Auto News,78+,Guest post,https://greencarreports.com
hybridcars.com,Hybrid/EV Blog,70+,Guest post / resource,https://hybridcars.com
pluginamerica.org,EV Association,62+,Resource link,https://pluginamerica.org
electricdriving.net,EV Blog,52+,Guest post,https://electricdriving.net
mynissanleaf.com,EV Forum,60+,Community post,https://mynissanleaf.com
teslamotorsclub.com,Tesla Forum,72+,Community post,https://teslamotorsclub.com
electrifyamerica.com,EV Charging,68+,Resource link,https://electrifyamerica.com
2carpros.com,Auto Repair Q&A,60+,Expert answer / resource link,https://2carpros.com
justanswer.com,Expert Q&A,82+,Expert answer,https://justanswer.com
fixya.com,Tech Q&A,72+,Expert answer / resource link,https://fixya.com
automd.com,Auto Repair Resource,60+,Resource link,https://automd.com
mechaniclibrary.com,Auto Repair Guide,55+,Guest post,https://mechaniclibrary.com
automotivehandbook.com,Auto Guides,50+,Guest post,https://automotivehandbook.com
chrisfix.com,DIY Auto Blog/YT,55+,Community / resource link,https://chrisfix.com
doityourself.com,DIY Blog,78+,Guest post / resource,https://doityourself.com
wikiauto.org,Auto Wiki,58+,Resource mention,https://wikiauto.org
autohausaz.com,Parts + Guides,55+,Resource link,https://autohausaz.com
carindigo.com,Auto Research,52+,Guest post,https://carindigo.com
itstillruns.com,Auto DIY,68+,Guest post,https://itstillruns.com
axleaddict.com,Auto DIY Blog,60+,Guest post,https://axleaddict.com
cashcarsbuyer.com,Junk Car Buyer Blog,55+,Guest post,https://cashcarsbuyer.com
carandtruckparts.com,Parts Resource,50+,Resource link,https://carandtruckparts.com
cartreatments.com,Car Care Blog,52+,Guest post,https://cartreatments.com
obdadvisor.com,OBD2 resource Blog,50+,Guest post,https://obdadvisor.com
scannerreviewer.com,OBD2 Blog,48+,Guest post,https://scannerreviewer.com
completecarreviews.com,Auto Review Blog,50+,Guest post,https://completecarreviews.com
motorbiscuit.com,Auto Blog,62+,Guest post / editorial,https://motorbiscuit.com
progressive.com,Insurance,85+,Resource mention,https://progressive.com
geico.com,Insurance,87+,Resource mention,https://geico.com
statefarm.com,Insurance,88+,Resource mention,https://statefarm.com
insurancequotes.com,Insurance Resource,72+,Resource mention,https://insurancequotes.com
thezebracom,Insurance Comparison,75+,Resource mention,https://thezebracom
policygenius.com,Insurance Resource,78+,Resource mention,https://policygenius.com
bankrate.com/insurance/car-insurance,Finance Resource,90+,Resource mention,https://bankrate.com/insurance/car-insurance
nerdwallet.com/auto-insurance,Finance Resource,92+,Resource mention,https://nerdwallet.com/auto-insurance
creditkarma.com,Finance Resource,90+,Resource mention,https://creditkarma.com
autoloanguide.com,Auto Finance Blog,52+,Guest post,https://autoloanguide.com
carchex.com,Extended Warranty,60+,Resource link,https://carchex.com
enduranceinc.com,Extended Warranty,62+,Resource link,https://enduranceinc.com
offerpad.com,Car Valuation,70+,Resource link,https://offerpad.com
vroom.com,Online Car Sales,68+,Resource link,https://vroom.com
carvana.com,Online Car Sales,75+,Resource link,https://carvana.com
carmax.com,Used Car Retailer,84+,Resource mention,https://carmax.com
shift.com,Used Car Platform,68+,Resource link,https://shift.com
autonation.com,Dealer Network,80+,Resource link,https://autonation.com
iloveclassics.com,Classic Car Marketplace,55+,Business listing,https://iloveclassics.com
hClassicCars.com,Classic Car Marketplace,65+,Business listing,https://hClassicCars.com
motorcar.com,Classic Car Marketplace,60+,Business listing,https://motorcar.com
oldcarsonline.com,Classic Car Directory,55+,Business listing,https://oldcarsonline.com
classiccars.com,Classic Car Marketplace,68+,Business listing,https://classiccars.com
carsforsale.com,Car Marketplace,70+,Business listing,https://carsforsale.com
usedcars.com,Car Marketplace,72+,Business listing,https://usedcars.com
rydell.com,Auto Dealer Blog,50+,Guest post,https://rydell.com
carlistings.org,Car Listings,55+,Business listing,https://carlistings.org
sellmycar.com,Car Selling Resource,55+,Resource link,https://sellmycar.com
vehicledynamicsinternational.com,Auto Engineering,55+,Guest post,https://vehicledynamicsinternational.com
automotivetestdriving.com,Auto Test Blog,40+,Guest post,https://automotivetestdriving.com
carsalesbase.com,Auto Sales Data,55+,Resource link,https://carsalesbase.com
jdpower.com,Customer Satisfaction,82+,Resource mention,https://jdpower.com
car-accidents.com,Auto Safety Resource,52+,Resource link,https://car-accidents.com
crashstats.nhtsa.dot.gov,Govt Safety Data,90+,Resource mention,https://crashstats.nhtsa.dot.gov
safercar.gov,Govt Safety Resource,92+,Resource mention,https://safercar.gov
iihs.org,Safety Institute,85+,Resource mention,https://iihs.org
nhtsa.gov,Govt Auto Safety,92+,Resource mention,https://nhtsa.gov
tfhrc.gov,Transportation Research,85+,Resource mention,https://tfhrc.gov
autoinsurancecenter.com,Insurance Resource,62+,Resource link,https://autoinsurancecenter.com
carinsurance.com,Insurance Comparison,70+,Resource link,https://carinsurance.com
vehiclehistory.com,Vehicle History,60+,Resource link,https://vehiclehistory.com
vincheck.com,VIN Check Resource,58+,Resource link,https://vincheck.com
vincheckfree.com,VIN Check,55+,Resource link,https://vincheckfree.com
epicvin.com,VIN Decoder,60+,Resource link,https://epicvin.com
faxvin.com,VIN Report,58+,Resource link,https://faxvin.com
vindecoderz.com,VIN Decoder,52+,Resource link,https://vindecoderz.com
vinfreecheck.com,VIN Check,50+,Resource link,https://vinfreecheck.com
bumper.com,Vehicle History,62+,Resource link,https://bumper.com
autorevo.com,Auto Dealer Software,55+,Resource link,https://autorevo.com
dealersocket.com,Dealer Software,65+,Resource link,https://dealersocket.com
vauto.com,Dealer Analytics,65+,Resource link,https://vauto.com
autodata.net,Auto Data Resource,60+,Resource link,https://autodata.net
ihs.com/automotive,Auto Data/Research,78+,Resource mention,https://ihs.com/automotive
motorintelligence.com,Auto Sales Analytics,58+,Resource link,https://motorintelligence.com
auto.com,Auto Resource,68+,Guest post / resource,https://auto.com
autobytel.com,Auto Research Resource,72+,Guest post / resource,https://autobytel.com
drivetime.com,Used Car Dealership Blog,60+,Resource link,https://drivetime.com
autonation.com/blog,Dealer Blog,78+,Resource link,https://autonation.com/blog
dealerinspire.com,Dealer Marketing Blog,55+,Guest post,https://dealerinspire.com
digitaldealer.com,Dealer Industry Blog,60+,Guest post,https://digitaldealer.com
autodealermonthly.com,Trade Publication,55+,Guest post,https://autodealermonthly.com
cbtnews.com,Dealer Industry News,58+,Guest post,https://cbtnews.com
wrenchingwisdom.com,Auto Podcast/Blog,45+,Guest interview / link,https://wrenchingwisdom.com
carsandcalories.com,Auto/Fitness Podcast,40+,Guest interview,https://carsandcalories.com
automotivepodcasts.com,Podcast Directory,42+,Listing,https://automotivepodcasts.com
podcast.com,Podcast Directory,75+,Listing with link,https://podcast.com
podchaser.com,Podcast Directory,72+,Listing with link,https://podchaser.com
listennotes.com,Podcast Directory,78+,Listing with link,https://listennotes.com
podbay.fm,Podcast Directory,68+,Listing with link,https://podbay.fm
boostability.com,SEO/Biz Blog,68+,Resource mention,https://boostability.com
brightlocal.com,Local SEO Blog,72+,Resource mention,https://brightlocal.com
learningq.net,Education Resource,42+,Guest post,https://learningq.net
dzone.com,Tech Publishing,82+,Tech/Auto Article,https://dzone.com
hackernoon.com,Tech Publishing,85+,Tech article with link,https://hackernoon.com
dev.to,Tech Publishing,85+,Tech article with link,https://dev.to
techcrunch.com,Tech News,94+,HARO resource mention,https://techcrunch.com
venturebeat.com,Tech News,90+,HARO resource mention,https://venturebeat.com
digitaltrends.com,Tech/Auto,88+,Resource mention,https://digitaltrends.com
mashable.com,Tech/Culture,92+,Resource mention,https://mashable.com
wired.com,Tech Magazine,94+,Resource mention,https://wired.com
thehill.com,Policy/News,91+,Resource mention,https://thehill.com
nationalmotorclub.com,Motor Club,60+,Member link,https://nationalmotorclub.com
motorclubs.org,Motor Club Directory,55+,Member link,https://motorclubs.org
acarplace.com,Auto Directory,50+,Business listing,https://acarplace.com
automotive.com,Auto Resource,72+,Resource / guest post,https://automotive.com
thecarexpert.co.uk,UK Auto Expert Blog,60+,Guest post,https://thecarexpert.co.uk
honestjohn.co.uk,UK Auto Resource,68+,Resource link,https://honestjohn.co.uk
autoblog.it,Italian Auto Blog,68+,Guest post,https://autoblog.it
motor.es,Spanish Auto Blog,62+,Guest post,https://motor.es
auto-motor-und-sport.de,German Auto Magazine,78+,Resource mention,https://auto-motor-und-sport.de
